date,group,sensor,frame,frame_index,group_frame_count,mean_exponent,group_median_mean_exponent,group_mad_mean_exponent,fraction_exp_ge4,fraction_exp_ge8,fraction_exp_eq15,max_exponent,index_path,pack_path,abs_mean,abs_p99,abs_max
20260615,group_008,dpct高位机,1781504692_493189739.bin,0,50,2.822338104248047,0.016937255859375,2.09808349609375e-05,0.26929473876953125,0.18775177001953125,0.037601470947265625,15,/mnt/ssd/Huawei/20260615/data_collection/group_008/dpct高位机/Bin/frames_index.npz,/mnt/ssd/Huawei/20260615/data_collection/group_008/dpct高位机/Bin/frames.binpack,1175.713623046875,27203.287109375,46304.1953125
20260615,group_008,dpct高位机,1781504692_593239305.bin,1,50,2.9415626525878906,0.016937255859375,2.09808349609375e-05,0.27801513671875,0.19588470458984375,0.039951324462890625,15,/mnt/ssd/Huawei/20260615/data_collection/group_008/dpct高位机/Bin/frames_index.npz,/mnt/ssd/Huawei/20260615/data_collection/group_008/dpct高位机/Bin/frames.binpack,1307.298095703125,28688.919921875,46323.984375
20260615,group_008,dpct高位机,1781504692_693269638.bin,2,50,2.707599639892578,0.016937255859375,2.09808349609375e-05,0.2562217712402344,0.1800079345703125,0.037628173828125,15,/mnt/ssd/Huawei/20260615/data_collection/group_008/dpct高位机/Bin/frames_index.npz,/mnt/ssd/Huawei/20260615/data_collection/group_008/dpct高位机/Bin/frames.binpack,1191.8121337890625,27665.0546875,46292.890625
20260615,group_008,dpct高位机,1781504692_793700907.bin,3,50,2.8222885131835938,0.016937255859375,2.09808349609375e-05,0.268035888671875,0.18770599365234375,0.037014007568359375,15,/mnt/ssd/Huawei/20260615/data_collection/group_008/dpct高位机/Bin/frames_index.npz,/mnt/ssd/Huawei/20260615/data_collection/group_008/dpct高位机/Bin/frames.binpack,1257.0103759765625,28650.689453125,46338.12109375
20260615,group_008,dpct高位机,1781504692_893296225.bin,4,50,1.7729263305664062,0.016937255859375,2.09808349609375e-05,0.16895675659179688,0.117706298828125,0.023983001708984375,15,/mnt/ssd/Huawei/20260615/data_collection/group_008/dpct高位机/Bin/frames_index.npz,/mnt/ssd/Huawei/20260615/data_collection/group_008/dpct高位机/Bin/frames.binpack,723.083251953125,20273.4453125,46338.12109375
20260615,group_009,dpct高位机,1781504743_446761056.bin,0,50,2.11810302734375,0.016937255859375,4.1961669921875e-05,0.2027435302734375,0.140045166015625,0.02832794189453125,15,/mnt/ssd/Huawei/20260615/data_collection/group_009/dpct高位机/Bin/frames_index.npz,/mnt/ssd/Huawei/20260615/data_collection/group_009/dpct高位机/Bin/frames.binpack,862.7536010742188,22534.310546875,46163.1015625
20260615,group_010,dpct高位机,1781504798_616942212.bin,28,49,2.350452423095703,0.017047882080078125,9.1552734375e-05,0.225128173828125,0.15610504150390625,0.030452728271484375,15,/mnt/ssd/Huawei/20260615/data_collection/group_010/dpct高位机/Bin/frames_index.npz,/mnt/ssd/Huawei/20260615/data_collection/group_010/dpct高位机/Bin/frames.binpack,983.4981689453125,24858.234375,46338.12109375
20260615,group_010,dpct高位机,1781504798_717638956.bin,29,49,2.8153038024902344,0.017047882080078125,9.1552734375e-05,0.267852783203125,0.18716049194335938,0.03826141357421875,15,/mnt/ssd/Huawei/20260615/data_collection/group_010/dpct高位机/Bin/frames_index.npz,/mnt/ssd/Huawei/20260615/data_collection/group_010/dpct高位机/Bin/frames.binpack,1185.40087890625,27129.0390625,46323.984375
20260615,group_010,dpct高位机,1781504798_817790700.bin,30,49,2.8209228515625,0.017047882080078125,9.1552734375e-05,0.26735687255859375,0.1878814697265625,0.036960601806640625,15,/mnt/ssd/Huawei/20260615/data_collection/group_010/dpct高位机/Bin/frames_index.npz,/mnt/ssd/Huawei/20260615/data_collection/group_010/dpct高位机/Bin/frames.binpack,1260.56298828125,28569.408203125,46332.46484375
20260615,group_010,dpct高位机,1781504798_922801567.bin,31,49,2.710193634033203,0.017047882080078125,9.1552734375e-05,0.2591705322265625,0.18054580688476562,0.035614013671875,15,/mnt/ssd/Huawei/20260615/data_collection/group_010/dpct高位机/Bin/frames_index.npz,/mnt/ssd/Huawei/20260615/data_collection/group_010/dpct高位机/Bin/frames.binpack,1142.045654296875,27076.7890625,45803.9296875
20260615,group_010,dpct高位机,1781504799_022490998.bin,32,49,2.8299407958984375,0.017047882080078125,9.1552734375e-05,0.269622802734375,0.18861007690429688,0.037143707275390625,15,/mnt/ssd/Huawei/20260615/data_collection/group_010/dpct高位机/Bin/frames_index.npz,/mnt/ssd/Huawei/20260615/data_collection/group_010/dpct高位机/Bin/frames.binpack,1215.7928466796875,27937.09375,46340.94921875
20260615,group_010,dpct高位机,1781504799_122590997.bin,33,49,2.7028427124023438,0.017047882080078125,9.1552734375e-05,0.2586250305175781,0.17950820922851562,0.03565216064453125,15,/mnt/ssd/Huawei/20260615/data_collection/group_010/dpct高位机/Bin/frames_index.npz,/mnt/ssd/Huawei/20260615/data_collection/group_010/dpct高位机/Bin/frames.binpack,1147.5904541015625,27113.716796875,46340.94921875
20260615,group_010,dpct高位机,1781504799_724788839.bin,39,49,2.598247528076172,0.017047882080078125,9.1552734375e-05,0.24776458740234375,0.17309188842773438,0.034679412841796875,15,/mnt/ssd/Huawei/20260615/data_collection/group_010/dpct高位机/Bin/frames_index.npz,/mnt/ssd/Huawei/20260615/data_collection/group_010/dpct高位机/Bin/frames.binpack,1088.4814453125,26016.234375,46332.46484375
20260615,group_010,dpct高位机,1781504799_824896326.bin,40,49,2.824810028076172,0.017047882080078125,9.1552734375e-05,0.2680015563964844,0.18767547607421875,0.0384063720703125,15,/mnt/ssd/Huawei/20260615/data_collection/group_010/dpct高位机/Bin/frames_index.npz,/mnt/ssd/Huawei/20260615/data_collection/group_010/dpct高位机/Bin/frames.binpack,1244.52099609375,28042.859375,46326.80859375
20260615,group_010,dpct高位机,1781504799_927641426.bin,41,49,2.8156890869140625,0.017047882080078125,9.1552734375e-05,0.2681427001953125,0.18704986572265625,0.036624908447265625,15,/mnt/ssd/Huawei/20260615/data_collection/group_010/dpct高位机/Bin/frames_index.npz,/mnt/ssd/Huawei/20260615/data_collection/group_010/dpct高位机/Bin/frames.binpack,1204.700439453125,27637.2890625,46171.5546875
20260615,group_010,dpct高位机,1781504800_027740848.bin,42,49,2.81915283203125,0.017047882080078125,9.1552734375e-05,0.268035888671875,0.18723678588867188,0.03745269775390625,15,/mnt/ssd/Huawei/20260615/data_collection/group_010/dpct高位机/Bin/frames_index.npz,/mnt/ssd/Huawei/20260615/data_collection/group_010/dpct高位机/Bin/frames.binpack,1217.5048828125,27846.73046875,46329.63671875
20260615,group_010,dpct高位机,1781504800_127517545.bin,43,49,2.826690673828125,0.017047882080078125,9.1552734375e-05,0.2692756652832031,0.18783187866210938,0.03737640380859375,15,/mnt/ssd/Huawei/20260615/data_collection/group_010/dpct高位机/Bin/frames_index.npz,/mnt/ssd/Huawei/20260615/data_collection/group_010/dpct高位机/Bin/frames.binpack,1226.8873291015625,27953.447265625,46338.12109375
20260615,group_010,dpct高位机,1781504800_227521094.bin,44,49,2.821044921875,0.017047882080078125,9.1552734375e-05,0.2690467834472656,0.18758773803710938,0.037464141845703125,15,/mnt/ssd/Huawei/20260615/data_collection/group_010/dpct高位机/Bin/frames_index.npz,/mnt/ssd/Huawei/20260615/data_collection/group_010/dpct高位机/Bin/frames.binpack,1218.410888671875,27890.099609375,46332.46484375
20260615,group_010,dpct高位机,1781504800_341568437.bin,45,49,2.8231163024902344,0.017047882080078125,9.1552734375e-05,0.2690849304199219,0.18743896484375,0.036937713623046875,15,/mnt/ssd/Huawei/20260615/data_collection/group_010/dpct高位机/Bin/frames_index.npz,/mnt/ssd/Huawei/20260615/data_collection/group_010/dpct高位机/Bin/frames.binpack,1207.8016357421875,27615.30078125,46338.12109375
20260615,group_010,dpct高位机,1781504800_441393358.bin,46,49,2.7009124755859375,0.017047882080078125,9.1552734375e-05,0.2574424743652344,0.17922592163085938,0.034458160400390625,15,/mnt/ssd/Huawei/20260615/data_collection/group_010/dpct高位机/Bin/frames_index.npz,/mnt/ssd/Huawei/20260615/data_collection/group_010/dpct高位机/Bin/frames.binpack,1175.0260009765625,27726.9609375,46335.29296875
20260615,group_010,dpct高位机,1781504800_541366859.bin,47,49,2.822071075439453,0.017047882080078125,9.1552734375e-05,0.2709159851074219,0.18780899047851562,0.036212921142578125,15,/mnt/ssd/Huawei/20260615/data_collection/group_010/dpct高位机/Bin/frames_index.npz,/mnt/ssd/Huawei/20260615/data_collection/group_010/dpct高位机/Bin/frames.binpack,1185.7784423828125,27627.822265625,46146.17578125
20260615,group_010,dpct高位机,1781504800_641424616.bin,48,49,2.9415016174316406,0.017047882080078125,9.1552734375e-05,0.280853271484375,0.19559478759765625,0.0388336181640625,15,/mnt/ssd/Huawei/20260615/data_collection/group_010/dpct高位机/Bin/frames_index.npz,/mnt/ssd/Huawei/20260615/data_collection/group_010/dpct高位机/Bin/frames.binpack,1234.636962890625,27733.765625,46340.94921875
20260615,group_011,dpct高位机,1781505794_580728478.bin,758,1162,2.483856201171875,0.01751708984375,0.0001010894775390625,0.231658935546875,0.16588973999023438,0.03557586669921875,15,/mnt/ssd/Huawei/20260615/data_collection/group_011/dpct高位机/Bin/frames_index.npz,/mnt/ssd/Huawei/20260615/data_collection/group_011/dpct高位机/Bin/frames.binpack,1156.650390625,27728.142578125,46338.12109375
20260615,group_011,dpct高位机,1781505794_680769064.bin,759,1162,2.7145423889160156,0.01751708984375,0.0001010894775390625,0.2553825378417969,0.18043899536132812,0.0379486083984375,15,/mnt/ssd/Huawei/20260615/data_collection/group_011/dpct高位机/Bin/frames_index.npz,/mnt/ssd/Huawei/20260615/data_collection/group_011/dpct高位机/Bin/frames.binpack,1267.201416015625,28973.279296875,46338.12109375
20260615,group_011,dpct高位机,1781505794_780786354.bin,760,1162,2.8212509155273438,0.01751708984375,0.0001010894775390625,0.2680473327636719,0.187530517578125,0.0384674072265625,15,/mnt/ssd/Huawei/20260615/data_collection/group_011/dpct高位机/Bin/frames_index.npz,/mnt/ssd/Huawei/20260615/data_collection/group_011/dpct高位机/Bin/frames.binpack,1238.3433837890625,28154.24609375,46338.12109375
20260615,group_011,dpct高位机,1781505795_088618426.bin,761,1162,2.697010040283203,0.01751708984375,0.0001010894775390625,0.2535972595214844,0.17919158935546875,0.038425445556640625,15,/mnt/ssd/Huawei/20260615/data_collection/group_011/dpct高位机/Bin/frames_index.npz,/mnt/ssd/Huawei/20260615/data_collection/group_011/dpct高位机/Bin/frames.binpack,1233.1328125,28507.2890625,46151.8125
20260615,group_011,dpct高位机,1781505795_188686405.bin,762,1162,2.815563201904297,0.01751708984375,0.0001010894775390625,0.2654380798339844,0.18707275390625,0.0394439697265625,15,/mnt/ssd/Huawei/20260615/data_collection/group_011/dpct高位机/Bin/frames_index.npz,/mnt/ssd/Huawei/20260615/data_collection/group_011/dpct高位机/Bin/frames.binpack,1268.836669921875,28691.71484375,46160.265625
20260615,group_011,dpct高位机,1781505795_291211880.bin,763,1162,2.7045669555664062,0.01751708984375,0.0001010894775390625,0.2540092468261719,0.180145263671875,0.037563323974609375,15,/mnt/ssd/Huawei/20260615/data_collection/group_011/dpct高位机/Bin/frames_index.npz,/mnt/ssd/Huawei/20260615/data_collection/group_011/dpct高位机/Bin/frames.binpack,1247.8856201171875,28855.265625,46338.12109375
20260615,group_011,dpct高位机,1781505795_391285107.bin,764,1162,2.8214073181152344,0.01751708984375,0.0001010894775390625,0.2681922912597656,0.18781661987304688,0.038486480712890625,15,/mnt/ssd/Huawei/20260615/data_collection/group_011/dpct高位机/Bin/frames_index.npz,/mnt/ssd/Huawei/20260615/data_collection/group_011/dpct高位机/Bin/frames.binpack,1246.3077392578125,28424.353515625,46315.5
20260615,group_011,dpct高位机,1781505795_491291965.bin,765,1162,2.94464111328125,0.01751708984375,0.0001010894775390625,0.2789802551269531,0.1957855224609375,0.041263580322265625,15,/mnt/ssd/Huawei/20260615/data_collection/group_011/dpct高位机/Bin/frames_index.npz,/mnt/ssd/Huawei/20260615/data_collection/group_011/dpct高位机/Bin/frames.binpack,1292.7025146484375,28515.908203125,46340.94921875
20260615,group_011,dpct高位机,1781505795_591291271.bin,766,1162,2.824176788330078,0.01751708984375,0.0001010894775390625,0.26511383056640625,0.1881103515625,0.0406951904296875,15,/mnt/ssd/Huawei/20260615/data_collection/group_011/dpct高位机/Bin/frames_index.npz,/mnt/ssd/Huawei/20260615/data_collection/group_011/dpct高位机/Bin/frames.binpack,1308.3812255859375,29347.544921875,45995.8828125
20260615,group_011,dpct高位机,1781505795_691425107.bin,767,1162,2.7067413330078125,0.01751708984375,0.0001010894775390625,0.2549591064453125,0.18022537231445312,0.036968231201171875,15,/mnt/ssd/Huawei/20260615/data_collection/group_011/dpct高位机/Bin/frames_index.npz,/mnt/ssd/Huawei/20260615/data_collection/group_011/dpct高位机/Bin/frames.binpack,1237.48291015625,28432.015625,46338.12109375
20260615,group_011,dpct高位机,1781505795_796433230.bin,768,1162,2.8222198486328125,0.01751708984375,0.0001010894775390625,0.26769256591796875,0.187835693359375,0.03850555419921875,15,/mnt/ssd/Huawei/20260615/data_collection/group_011/dpct高位机/Bin/frames_index.npz,/mnt/ssd/Huawei/20260615/data_collection/group_011/dpct高位机/Bin/frames.binpack,1247.1749267578125,28130.591796875,46160.28515625
20260615,group_011,dpct高位机,1781505795_899139698.bin,769,1162,2.82073974609375,0.01751708984375,0.0001010894775390625,0.265472412109375,0.18780136108398438,0.038661956787109375,15,/mnt/ssd/Huawei/20260615/data_collection/group_011/dpct高位机/Bin/frames_index.npz,/mnt/ssd/Huawei/20260615/data_collection/group_011/dpct高位机/Bin/frames.binpack,1292.0616455078125,28773.69921875,46340.94921875
20260615,group_011,dpct高位机,1781505796_000039365.bin,770,1162,2.823101043701172,0.01751708984375,0.0001010894775390625,0.2662162780761719,0.18780899047851562,0.03955841064453125,15,/mnt/ssd/Huawei/20260615/data_collection/group_011/dpct高位机/Bin/frames_index.npz,/mnt/ssd/Huawei/20260615/data_collection/group_011/dpct高位机/Bin/frames.binpack,1281.75634765625,28857.107421875,45980.3359375
20260615,group_011,dpct高位机,1781505796_100995898.bin,771,1162,2.8163185119628906,0.01751708984375,0.0001010894775390625,0.2638664245605469,0.18746566772460938,0.039569854736328125,15,/mnt/ssd/Huawei/20260615/data_collection/group_011/dpct高位机/Bin/frames_index.npz,/mnt/ssd/Huawei/20260615/data_collection/group_011/dpct高位机/Bin/frames.binpack,1330.291015625,29287.115234375,46160.28515625
20260615,group_011,dpct高位机,1781505796_415111877.bin,772,1162,2.8213119506835938,0.01751708984375,0.0001010894775390625,0.267333984375,0.18795394897460938,0.039325714111328125,15,/mnt/ssd/Huawei/20260615/data_collection/group_011/dpct高位机/Bin/frames_index.npz,/mnt/ssd/Huawei/20260615/data_collection/group_011/dpct高位机/Bin/frames.binpack,1224.762451171875,27967.6171875,46326.80859375
20260615,group_011,dpct高位机,1781505796_515991704.bin,773,1162,0.3688011169433594,0.01751708984375,0.0001010894775390625,0.033245086669921875,0.023406982421875,0.00522613525390625,15,/mnt/ssd/Huawei/20260615/data_collection/group_011/dpct高位机/Bin/frames_index.npz,/mnt/ssd/Huawei/20260615/data_collection/group_011/dpct高位机/Bin/frames.binpack,164.85614013671875,3251.273681640625,46340.94921875
20260615,group_011,dpct高位机,1781505819_478866322.bin,983,1162,2.5857467651367188,0.01751708984375,0.0001010894775390625,0.24430465698242188,0.17211532592773438,0.035930633544921875,15,/mnt/ssd/Huawei/20260615/data_collection/group_011/dpct高位机/Bin/frames_index.npz,/mnt/ssd/Huawei/20260615/data_collection/group_011/dpct高位机/Bin/frames.binpack,1164.288818359375,27738.6171875,46338.12109375
20260615,group_011,dpct高位机,1781505819_578207084.bin,984,1162,2.824474334716797,0.01751708984375,0.0001010894775390625,0.2646369934082031,0.18784332275390625,0.03968048095703125,15,/mnt/ssd/Huawei/20260615/data_collection/group_011/dpct高位机/Bin/frames_index.npz,/mnt/ssd/Huawei/20260615/data_collection/group_011/dpct高位机/Bin/frames.binpack,1331.1400146484375,29326.322265625,46338.12109375
20260615,group_011,dpct高位机,1781505819_678258060.bin,985,1162,2.706317901611328,0.01751708984375,0.0001010894775390625,0.25569915771484375,0.18048477172851562,0.03745269775390625,15,/mnt/ssd/Huawei/20260615/data_collection/group_011/dpct高位机/Bin/frames_index.npz,/mnt/ssd/Huawei/20260615/data_collection/group_011/dpct高位机/Bin/frames.binpack,1195.01318359375,27727.326171875,46332.46484375
20260615,group_011,dpct高位机,1781505819_778988371.bin,986,1162,2.9377899169921875,0.01751708984375,0.0001010894775390625,0.2778472900390625,0.1952362060546875,0.0406036376953125,15,/mnt/ssd/Huawei/20260615/data_collection/group_011/dpct高位机/Bin/frames_index.npz,/mnt/ssd/Huawei/20260615/data_collection/group_011/dpct高位机/Bin/frames.binpack,1318.860107421875,28843.2578125,46292.8828125
20260615,group_011,dpct高位机,1781505819_878341549.bin,987,1162,2.8313636779785156,0.01751708984375,0.0001010894775390625,0.26465606689453125,0.18871307373046875,0.03993988037109375,15,/mnt/ssd/Huawei/20260615/data_collection/group_011/dpct高位机/Bin/frames_index.npz,/mnt/ssd/Huawei/20260615/data_collection/group_011/dpct高位机/Bin/frames.binpack,1355.871337890625,29691.8125,46338.12109375
20260615,group_011,dpct高位机,1781505819_978416173.bin,988,1162,2.7017173767089844,0.01751708984375,0.0001010894775390625,0.25571441650390625,0.1798553466796875,0.03743743896484375,15,/mnt/ssd/Huawei/20260615/data_collection/group_011/dpct高位机/Bin/frames_index.npz,/mnt/ssd/Huawei/20260615/data_collection/group_011/dpct高位机/Bin/frames.binpack,1192.64599609375,27889.66796875,46340.94921875
20260615,group_011,dpct高位机,1781505820_078842514.bin,989,1162,1.8864326477050781,0.01751708984375,0.0001010894775390625,0.17826080322265625,0.12463760375976562,0.025699615478515625,15,/mnt/ssd/Huawei/20260615/data_collection/group_011/dpct高位机/Bin/frames_index.npz,/mnt/ssd/Huawei/20260615/data_collection/group_011/dpct高位机/Bin/frames.binpack,849.684814453125,23653.224609375,46163.1015625
20260615,group_011,dpct高位机,1781505820_280000735.bin,991,1162,2.3574905395507812,0.01751708984375,0.0001010894775390625,0.22173690795898438,0.15675735473632812,0.033496856689453125,15,/mnt/ssd/Huawei/20260615/data_collection/group_011/dpct高位机/Bin/frames_index.npz,/mnt/ssd/Huawei/20260615/data_collection/group_011/dpct高位机/Bin/frames.binpack,1070.9095458984375,26967.44921875,46298.54296875
20260615,group_011,dpct高位机,1781505820_379965759.bin,992,1162,2.705230712890625,0.01751708984375,0.0001010894775390625,0.2546348571777344,0.17997360229492188,0.037494659423828125,15,/mnt/ssd/Huawei/20260615/data_collection/group_011/dpct高位机/Bin/frames_index.npz,/mnt/ssd/Huawei/20260615/data_collection/group_011/dpct高位机/Bin/frames.binpack,1232.8477783203125,28428.123046875,46338.12109375
20260615,group_011,dpct高位机,1781505820_480973738.bin,993,1162,2.8189735412597656,0.01751708984375,0.0001010894775390625,0.2668190002441406,0.18756103515625,0.038532257080078125,15,/mnt/ssd/Huawei/20260615/data_collection/group_011/dpct高位机/Bin/frames_index.npz,/mnt/ssd/Huawei/20260615/data_collection/group_011/dpct高位机/Bin/frames.binpack,1246.192626953125,28459.8359375,46335.29296875
20260615,group_011,dpct高位机,1781505820_580548007.bin,994,1162,2.9525909423828125,0.01751708984375,0.0001010894775390625,0.27704620361328125,0.19681167602539062,0.041698455810546875,15,/mnt/ssd/Huawei/20260615/data_collection/group_011/dpct高位机/Bin/frames_index.npz,/mnt/ssd/Huawei/20260615/data_collection/group_011/dpct高位机/Bin/frames.binpack,1375.2359619140625,29554.982421875,46298.54296875
20260615,group_011,dpct高位机,1781505820_680652776.bin,995,1162,2.9400672912597656,0.01751708984375,0.0001010894775390625,0.27791595458984375,0.1954345703125,0.041839599609375,15,/mnt/ssd/Huawei/20260615/data_collection/group_011/dpct高位机/Bin/frames_index.npz,/mnt/ssd/Huawei/20260615/data_collection/group_011/dpct高位机/Bin/frames.binpack,1310.6751708984375,28760.99609375,46160.28515625
20260615,group_011,dpct高位机,1781505820_784260717.bin,996,1162,0.8326797485351562,0.01751708984375,0.0001010894775390625,0.07612991333007812,0.05467987060546875,0.0117645263671875,15,/mnt/ssd/Huawei/20260615/data_collection/group_011/dpct高位机/Bin/frames_index.npz,/mnt/ssd/Huawei/20260615/data_collection/group_011/dpct高位机/Bin/frames.binpack,399.7214050292969,16128.0908203125,46295.7109375
20260615,group_011,dpct高位机,1781505820_884108556.bin,997,1162,2.5845298767089844,0.01751708984375,0.0001010894775390625,0.24444198608398438,0.17173385620117188,0.03521728515625,15,/mnt/ssd/Huawei/20260615/data_collection/group_011/dpct高位机/Bin/frames_index.npz,/mnt/ssd/Huawei/20260615/data_collection/group_011/dpct高位机/Bin/frames.binpack,1163.7393798828125,27981.859375,46340.94921875
20260615,group_011,dpct高位机,1781505820_983989484.bin,998,1162,2.584136962890625,0.01751708984375,0.0001010894775390625,0.24371719360351562,0.17174911499023438,0.035572052001953125,15,/mnt/ssd/Huawei/20260615/data_collection/group_011/dpct高位机/Bin/frames_index.npz,/mnt/ssd/Huawei/20260615/data_collection/group_011/dpct高位机/Bin/frames.binpack,1159.64697265625,27648.001953125,45260.71875
20260615,group_011,dpct高位机,1781505821_186155588.bin,1000,1162,2.582141876220703,0.01751708984375,0.0001010894775390625,0.24381256103515625,0.17110061645507812,0.036449432373046875,15,/mnt/ssd/Huawei/20260615/data_collection/group_011/dpct高位机/Bin/frames_index.npz,/mnt/ssd/Huawei/20260615/data_collection/group_011/dpct高位机/Bin/frames.binpack,1149.107666015625,27515.583984375,46340.94921875
20260615,group_011,dpct高位机,1781505821_285383486.bin,1001,1162,0.36754608154296875,0.01751708984375,0.0001010894775390625,0.033321380615234375,0.0233154296875,0.004955291748046875,15,/mnt/ssd/Huawei/20260615/data_collection/group_011/dpct高位机/Bin/frames_index.npz,/mnt/ssd/Huawei/20260615/data_collection/group_011/dpct高位机/Bin/frames.binpack,161.37550354003906,3261.951171875,45984.5703125
20260615,group_011,dpct高位机,1781505821_386352138.bin,1002,1162,2.3514785766601562,0.01751708984375,0.0001010894775390625,0.22083663940429688,0.1563262939453125,0.0334625244140625,15,/mnt/ssd/Huawei/20260615/data_collection/group_011/dpct高位机/Bin/frames_index.npz,/mnt/ssd/Huawei/20260615/data_collection/group_011/dpct高位机/Bin/frames.binpack,1072.5242919921875,26883.912109375,46163.1015625
20260615,group_011,dpct高位机,1781505821_496262222.bin,1003,1162,2.7048187255859375,0.01751708984375,0.0001010894775390625,0.2557945251464844,0.18010711669921875,0.03791046142578125,15,/mnt/ssd/Huawei/20260615/data_collection/group_011/dpct高位机/Bin/frames_index.npz,/mnt/ssd/Huawei/20260615/data_collection/group_011/dpct高位机/Bin/frames.binpack,1201.68505859375,27964.12109375,46163.1015625
20260615,group_011,dpct高位机,1781505821_600201878.bin,1004,1162,2.825244903564453,0.01751708984375,0.0001010894775390625,0.2658042907714844,0.18780136108398438,0.03952789306640625,15,/mnt/ssd/Huawei/20260615/data_collection/group_011/dpct高位机/Bin/frames_index.npz,/mnt/ssd/Huawei/20260615/data_collection/group_011/dpct高位机/Bin/frames.binpack,1284.9876708984375,28752.8984375,45985.94921875
20260615,group_011,dpct高位机,1781505821_699919893.bin,1005,1162,2.943828582763672,0.01751708984375,0.0001010894775390625,0.2773284912109375,0.19578933715820312,0.04076385498046875,15,/mnt/ssd/Huawei/20260615/data_collection/group_011/dpct高位机/Bin/frames_index.npz,/mnt/ssd/Huawei/20260615/data_collection/group_011/dpct高位机/Bin/frames.binpack,1338.0416259765625,29322.544921875,46295.7109375
20260615,group_011,dpct高位机,1781505821_803979743.bin,1006,1162,2.825885772705078,0.01751708984375,0.0001010894775390625,0.2655067443847656,0.18831253051757812,0.040119171142578125,15,/mnt/ssd/Huawei/20260615/data_collection/group_011/dpct高位机/Bin/frames_index.npz,/mnt/ssd/Huawei/20260615/data_collection/group_011/dpct高位机/Bin/frames.binpack,1302.7630615234375,28983.10546875,46338.12109375
20260615,group_011,dpct高位机,1781505821_903610333.bin,1007,1162,2.9420318603515625,0.01751708984375,0.0001010894775390625,0.27593231201171875,0.19568252563476562,0.04170989990234375,15,/mnt/ssd/Huawei/20260615/data_collection/group_011/dpct高位机/Bin/frames_index.npz,/mnt/ssd/Huawei/20260615/data_collection/group_011/dpct高位机/Bin/frames.binpack,1362.109130859375,29340.44921875,46340.94921875
20260615,group_011,dpct高位机,1781505822_003553246.bin,1008,1162,0.36773681640625,0.01751708984375,0.0001010894775390625,0.033298492431640625,0.023345947265625,0.004909515380859375,15,/mnt/ssd/Huawei/20260615/data_collection/group_011/dpct高位机/Bin/frames_index.npz,/mnt/ssd/Huawei/20260615/data_collection/group_011/dpct高位机/Bin/frames.binpack,159.2489471435547,3090.645751953125,44906.0703125
20260615,group_011,dpct高位机,1781505822_712930221.bin,1015,1162,2.4795608520507812,0.01751708984375,0.0001010894775390625,0.23431015014648438,0.16519546508789062,0.03522491455078125,15,/mnt/ssd/Huawei/20260615/data_collection/group_011/dpct高位机/Bin/frames_index.npz,/mnt/ssd/Huawei/20260615/data_collection/group_011/dpct高位机/Bin/frames.binpack,1077.62890625,26644.599609375,46160.28515625
20260615,group_011,dpct高位机,1781505822_812924495.bin,1016,1162,2.706501007080078,0.01751708984375,0.0001010894775390625,0.25577545166015625,0.1797637939453125,0.0378265380859375,15,/mnt/ssd/Huawei/20260615/data_collection/group_011/dpct高位机/Bin/frames_index.npz,/mnt/ssd/Huawei/20260615/data_collection/group_011/dpct高位机/Bin/frames.binpack,1207.476318359375,28118.078125,46338.12109375
20260615,group_011,dpct高位机,1781505822_913494264.bin,1017,1162,2.711162567138672,0.01751708984375,0.0001010894775390625,0.2546730041503906,0.18047332763671875,0.0376434326171875,15,/mnt/ssd/Huawei/20260615/data_collection/group_011/dpct高位机/Bin/frames_index.npz,/mnt/ssd/Huawei/20260615/data_collection/group_011/dpct高位机/Bin/frames.binpack,1248.0948486328125,28682.283203125,46340.94921875
20260615,group_011,dpct高位机,1781505823_016183637.bin,1018,1162,2.8279762268066406,0.01751708984375,0.0001010894775390625,0.26633453369140625,0.18793106079101562,0.03966522216796875,15,/mnt/ssd/Huawei/20260615/data_collection/group_011/dpct高位机/Bin/frames_index.npz,/mnt/ssd/Huawei/20260615/data_collection/group_011/dpct高位机/Bin/frames.binpack,1283.662841796875,28852.87890625,46340.94921875
20260615,group_011,dpct高位机,1781505823_115911510.bin,1019,1162,0.3705177307128906,0.01751708984375,0.0001010894775390625,0.0333404541015625,0.0236053466796875,0.004974365234375,15,/mnt/ssd/Huawei/20260615/data_collection/group_011/dpct高位机/Bin/frames_index.npz,/mnt/ssd/Huawei/20260615/data_collection/group_011/dpct高位机/Bin/frames.binpack,162.3072509765625,3439.8388671875,45984.56640625
20260615,group_012,dpct高位机,1781505894_813671657.bin,104,1151,0.6012992858886719,0.017368316650390625,4.9591064453125e-05,0.0549774169921875,0.039150238037109375,0.008708953857421875,15,/mnt/ssd/Huawei/20260615/data_collection/group_012/dpct高位机/Bin/frames_index.npz,/mnt/ssd/Huawei/20260615/data_collection/group_012/dpct高位机/Bin/frames.binpack,264.6606750488281,9598.3740234375,46157.46875
20260615,group_012,dpct高位机,1781505895_222545277.bin,105,1151,2.8251266479492188,0.017368316650390625,4.9591064453125e-05,0.26813507080078125,0.1884613037109375,0.039173126220703125,15,/mnt/ssd/Huawei/20260615/data_collection/group_012/dpct高位机/Bin/frames_index.npz,/mnt/ssd/Huawei/20260615/data_collection/group_012/dpct高位机/Bin/frames.binpack,1217.81787109375,27908.421875,46295.7109375
20260615,group_012,dpct高位机,1781505895_422626553.bin,106,1151,2.9392776489257812,0.017368316650390625,4.9591064453125e-05,0.2759437561035156,0.195953369140625,0.041416168212890625,15,/mnt/ssd/Huawei/20260615/data_collection/group_012/dpct高位机/Bin/frames_index.npz,/mnt/ssd/Huawei/20260615/data_collection/group_012/dpct高位机/Bin/frames.binpack,1358.0902099609375,29170.431640625,46335.29296875
20260615,group_012,dpct高位机,1781505895_624248230.bin,107,1151,2.706859588623047,0.017368316650390625,4.9591064453125e-05,0.2552947998046875,0.18022918701171875,0.038295745849609375,15,/mnt/ssd/Huawei/20260615/data_collection/group_012/dpct高位机/Bin/frames_index.npz,/mnt/ssd/Huawei/20260615/data_collection/group_012/dpct高位机/Bin/frames.binpack,1225.6376953125,28325.82421875,46146.17578125
20260615,group_012,dpct高位机,1781505895_722942391.bin,108,1151,2.8232994079589844,0.017368316650390625,4.9591064453125e-05,0.2662200927734375,0.18767547607421875,0.039081573486328125,15,/mnt/ssd/Huawei/20260615/data_collection/group_012/dpct高位机/Bin/frames_index.npz,/mnt/ssd/Huawei/20260615/data_collection/group_012/dpct高位机/Bin/frames.binpack,1305.7935791015625,28920.544921875,46287.21875
20260615,group_012,dpct高位机,1781505895_824264131.bin,109,1151,2.8123855590820312,0.017368316650390625,4.9591064453125e-05,0.26786041259765625,0.18680191040039062,0.039005279541015625,15,/mnt/ssd/Huawei/20260615/data_collection/group_012/dpct高位机/Bin/frames_index.npz,/mnt/ssd/Huawei/20260615/data_collection/group_012/dpct高位机/Bin/frames.binpack,1207.2529296875,27666.89453125,46335.29296875
20260615,group_012,dpct高位机,1781505895_922890130.bin,110,1151,2.944438934326172,0.017368316650390625,4.9591064453125e-05,0.277008056640625,0.19619369506835938,0.04096221923828125,15,/mnt/ssd/Huawei/20260615/data_collection/group_012/dpct高位机/Bin/frames_index.npz,/mnt/ssd/Huawei/20260615/data_collection/group_012/dpct高位机/Bin/frames.binpack,1349.7110595703125,29199.314453125,46340.94921875
20260615,group_012,dpct高位机,1781505896_022943217.bin,111,1151,2.714824676513672,0.017368316650390625,4.9591064453125e-05,0.25562286376953125,0.18068313598632812,0.038669586181640625,15,/mnt/ssd/Huawei/20260615/data_collection/group_012/dpct高位机/Bin/frames_index.npz,/mnt/ssd/Huawei/20260615/data_collection/group_012/dpct高位机/Bin/frames.binpack,1228.0462646484375,28395.322265625,45983.14453125
20260615,group_012,dpct高位机,1781505896_122831886.bin,112,1151,2.8214073181152344,0.017368316650390625,4.9591064453125e-05,0.2659339904785156,0.1878662109375,0.03852081298828125,15,/mnt/ssd/Huawei/20260615/data_collection/group_012/dpct高位机/Bin/frames_index.npz,/mnt/ssd/Huawei/20260615/data_collection/group_012/dpct高位机/Bin/frames.binpack,1308.792236328125,29005.55078125,46340.94921875
20260615,group_012,dpct高位机,1781505896_222957614.bin,113,1151,2.8171768188476562,0.017368316650390625,4.9591064453125e-05,0.26752471923828125,0.18730926513671875,0.038967132568359375,15,/mnt/ssd/Huawei/20260615/data_collection/group_012/dpct高位机/Bin/frames_index.npz,/mnt/ssd/Huawei/20260615/data_collection/group_012/dpct高位机/Bin/frames.binpack,1223.1107177734375,28040.66015625,46295.7109375
20260615,group_012,dpct高位机,1781505896_322940205.bin,114,1151,2.9393081665039062,0.017368316650390625,4.9591064453125e-05,0.27556610107421875,0.19574737548828125,0.041912078857421875,15,/mnt/ssd/Huawei/20260615/data_collection/group_012/dpct高位机/Bin/frames_index.npz,/mnt/ssd/Huawei/20260615/data_collection/group_012/dpct高位机/Bin/frames.binpack,1371.03955078125,29536.67578125,46340.94921875
20260615,group_012,dpct高位机,1781505896_423202766.bin,115,1151,2.7042160034179688,0.017368316650390625,4.9591064453125e-05,0.254791259765625,0.17982864379882812,0.038112640380859375,15,/mnt/ssd/Huawei/20260615/data_collection/group_012/dpct高位机/Bin/frames_index.npz,/mnt/ssd/Huawei/20260615/data_collection/group_012/dpct高位机/Bin/frames.binpack,1224.387451171875,28672.2265625,46335.29296875
20260615,group_012,dpct高位机,1781505896_522965546.bin,116,1151,2.8270339965820312,0.017368316650390625,4.9591064453125e-05,0.2660675048828125,0.18845748901367188,0.039058685302734375,15,/mnt/ssd/Huawei/20260615/data_collection/group_012/dpct高位机/Bin/frames_index.npz,/mnt/ssd/Huawei/20260615/data_collection/group_012/dpct高位机/Bin/frames.binpack,1301.9554443359375,29034.861328125,46340.94921875
20260615,group_012,dpct高位机,1781505896_623335725.bin,117,1151,2.8212738037109375,0.017368316650390625,4.9591064453125e-05,0.2683219909667969,0.18817138671875,0.038814544677734375,15,/mnt/ssd/Huawei/20260615/data_collection/group_012/dpct高位机/Bin/frames_index.npz,/mnt/ssd/Huawei/20260615/data_collection/group_012/dpct高位机/Bin/frames.binpack,1203.50537109375,27722.50390625,46340.94921875
20260615,group_012,dpct高位机,1781505896_723019848.bin,118,1151,2.9482650756835938,0.017368316650390625,4.9591064453125e-05,0.2762870788574219,0.19648361206054688,0.041515350341796875,15,/mnt/ssd/Huawei/20260615/data_collection/group_012/dpct高位机/Bin/frames_index.npz,/mnt/ssd/Huawei/20260615/data_collection/group_012/dpct高位机/Bin/frames.binpack,1361.32421875,29336.541015625,46340.94921875
20260615,group_012,dpct高位机,1781505896_825131837.bin,119,1151,2.709095001220703,0.017368316650390625,4.9591064453125e-05,0.2543907165527344,0.18021392822265625,0.03893280029296875,15,/mnt/ssd/Huawei/20260615/data_collection/group_012/dpct高位机/Bin/frames_index.npz,/mnt/ssd/Huawei/20260615/data_collection/group_012/dpct高位机/Bin/frames.binpack,1237.6337890625,28467.685546875,46292.8828125
20260615,group_012,dpct高位机,1781505896_923076742.bin,120,1151,2.8338584899902344,0.017368316650390625,4.9591064453125e-05,0.2669410705566406,0.18865585327148438,0.039409637451171875,15,/mnt/ssd/Huawei/20260615/data_collection/group_012/dpct高位机/Bin/frames_index.npz,/mnt/ssd/Huawei/20260615/data_collection/group_012/dpct高位机/Bin/frames.binpack,1316.706298828125,28982.173828125,46163.1015625
20260615,group_012,dpct高位机,1781505897_023128454.bin,121,1151,2.810394287109375,0.017368316650390625,4.9591064453125e-05,0.2669525146484375,0.186676025390625,0.039035797119140625,15,/mnt/ssd/Huawei/20260615/data_collection/group_012/dpct高位机/Bin/frames_index.npz,/mnt/ssd/Huawei/20260615/data_collection/group_012/dpct高位机/Bin/frames.binpack,1218.0789794921875,28120.107421875,46264.58203125
20260615,group_012,dpct高位机,1781505897_148288943.bin,122,1151,2.9370765686035156,0.017368316650390625,4.9591064453125e-05,0.2759208679199219,0.1958465576171875,0.041416168212890625,15,/mnt/ssd/Huawei/20260615/data_collection/group_012/dpct高位机/Bin/frames_index.npz,/mnt/ssd/Huawei/20260615/data_collection/group_012/dpct高位机/Bin/frames.binpack,1356.249267578125,29340.330078125,46332.46484375
20260615,group_012,dpct高位机,1781505897_223171589.bin,123,1151,2.7115707397460938,0.017368316650390625,4.9591064453125e-05,0.2548561096191406,0.18055343627929688,0.03863525390625,15,/mnt/ssd/Huawei/20260615/data_collection/group_012/dpct高位机/Bin/frames_index.npz,/mnt/ssd/Huawei/20260615/data_collection/group_012/dpct高位机/Bin/frames.binpack,1232.451171875,28519.154296875,46338.12109375
20260615,group_012,dpct高位机,1781505897_323424711.bin,124,1151,2.82232666015625,0.017368316650390625,4.9591064453125e-05,0.26590728759765625,0.18810272216796875,0.0388946533203125,15,/mnt/ssd/Huawei/20260615/data_collection/group_012/dpct高位机/Bin/frames_index.npz,/mnt/ssd/Huawei/20260615/data_collection/group_012/dpct高位机/Bin/frames.binpack,1296.654052734375,28982.71484375,46340.94921875
20260615,group_012,dpct高位机,1781505897_423449799.bin,125,1151,0.133056640625,0.017368316650390625,4.9591064453125e-05,0.01175689697265625,0.0076446533203125,0.001789093017578125,15,/mnt/ssd/Huawei/20260615/data_collection/group_012/dpct高位机/Bin/frames_index.npz,/mnt/ssd/Huawei/20260615/data_collection/group_012/dpct高位机/Bin/frames.binpack,25.821765899658203,7.9348835945129395,44909.78515625
20260615,group_013,dpct高位机,1781506110_143952229.bin,308,1137,2.470355987548828,0.017505645751953125,7.62939453125e-05,0.23479461669921875,0.16431427001953125,0.03426361083984375,15,/mnt/ssd/Huawei/20260615/data_collection/group_013/dpct高位机/Bin/frames_index.npz,/mnt/ssd/Huawei/20260615/data_collection/group_013/dpct高位机/Bin/frames.binpack,1057.7169189453125,26241.513671875,46338.12109375
20260615,group_013,dpct高位机,1781506110_243984104.bin,309,1137,2.8147621154785156,0.017505645751953125,7.62939453125e-05,0.2660675048828125,0.1871185302734375,0.03875732421875,15,/mnt/ssd/Huawei/20260615/data_collection/group_013/dpct高位机/Bin/frames_index.npz,/mnt/ssd/Huawei/20260615/data_collection/group_013/dpct高位机/Bin/frames.binpack,1261.543212890625,28621.3828125,45983.14453125
20260615,group_013,dpct高位机,1781506110_347460308.bin,310,1137,2.7124710083007812,0.017505645751953125,7.62939453125e-05,0.2552757263183594,0.18031692504882812,0.037853240966796875,15,/mnt/ssd/Huawei/20260615/data_collection/group_013/dpct高位机/Bin/frames_index.npz,/mnt/ssd/Huawei/20260615/data_collection/group_013/dpct高位机/Bin/frames.binpack,1260.5440673828125,28781.890625,46160.265625
20260615,group_013,dpct高位机,1781506110_448744710.bin,311,1137,2.9427452087402344,0.017505645751953125,7.62939453125e-05,0.2766227722167969,0.19638442993164062,0.04107666015625,15,/mnt/ssd/Huawei/20260615/data_collection/group_013/dpct高位机/Bin/frames_index.npz,/mnt/ssd/Huawei/20260615/data_collection/group_013/dpct高位机/Bin/frames.binpack,1347.9071044921875,29355.51171875,45801.08984375
20260615,group_013,dpct高位机,1781506110_548699401.bin,312,1137,0.8390007019042969,0.017505645751953125,7.62939453125e-05,0.07859420776367188,0.0548858642578125,0.010967254638671875,15,/mnt/ssd/Huawei/20260615/data_collection/group_013/dpct高位机/Bin/frames_index.npz,/mnt/ssd/Huawei/20260615/data_collection/group_013/dpct高位机/Bin/frames.binpack,370.24041748046875,15048.7080078125,46151.671875
20260615,group_013,dpct高位机,1781506110_751030314.bin,314,1137,2.4712677001953125,0.017505645751953125,7.62939453125e-05,0.2327728271484375,0.16388320922851562,0.034885406494140625,15,/mnt/ssd/Huawei/20260615/data_collection/group_013/dpct高位机/Bin/frames_index.npz,/mnt/ssd/Huawei/20260615/data_collection/group_013/dpct高位机/Bin/frames.binpack,1118.783447265625,27707.79296875,46338.12109375
20260615,group_013,dpct高位机,1781506110_852791490.bin,315,1137,2.831439971923828,0.017505645751953125,7.62939453125e-05,0.2663612365722656,0.18874359130859375,0.039886474609375,15,/mnt/ssd/Huawei/20260615/data_collection/group_013/dpct高位机/Bin/frames_index.npz,/mnt/ssd/Huawei/20260615/data_collection/group_013/dpct高位机/Bin/frames.binpack,1288.726318359375,28858.2578125,46338.12109375
20260615,group_013,dpct高位机,1781506110_966309574.bin,316,1137,0.3691596984863281,0.017505645751953125,7.62939453125e-05,0.033412933349609375,0.023464202880859375,0.004955291748046875,15,/mnt/ssd/Huawei/20260615/data_collection/group_013/dpct高位机/Bin/frames_index.npz,/mnt/ssd/Huawei/20260615/data_collection/group_013/dpct高位机/Bin/frames.binpack,161.82742309570312,3125.051513671875,45801.11328125
20260615,group_013,dpct高位机,1781506178_670282970.bin,978,1137,2.8250999450683594,0.017505645751953125,7.62939453125e-05,0.26604461669921875,0.18819046020507812,0.039089202880859375,15,/mnt/ssd/Huawei/20260615/data_collection/group_013/dpct高位机/Bin/frames_index.npz,/mnt/ssd/Huawei/20260615/data_collection/group_013/dpct高位机/Bin/frames.binpack,1301.2896728515625,29113.064453125,46338.12109375
20260615,group_013,dpct高位机,1781506178_870181726.bin,979,1137,2.8204078674316406,0.017505645751953125,7.62939453125e-05,0.2680397033691406,0.18680191040039062,0.039943695068359375,15,/mnt/ssd/Huawei/20260615/data_collection/group_013/dpct高位机/Bin/frames_index.npz,/mnt/ssd/Huawei/20260615/data_collection/group_013/dpct高位机/Bin/frames.binpack,1223.7994384765625,27901.666015625,46298.54296875
20260615,group_013,dpct高位机,1781506179_071817335.bin,980,1137,2.9389495849609375,0.017505645751953125,7.62939453125e-05,0.2765388488769531,0.19549942016601562,0.041717529296875,15,/mnt/ssd/Huawei/20260615/data_collection/group_013/dpct高位机/Bin/frames_index.npz,/mnt/ssd/Huawei/20260615/data_collection/group_013/dpct高位机/Bin/frames.binpack,1358.1221923828125,29494.69921875,46340.94921875
20260615,group_013,dpct高位机,1781506179_270786481.bin,981,1137,2.6992416381835938,0.017505645751953125,7.62939453125e-05,0.2541999816894531,0.179840087890625,0.03794097900390625,15,/mnt/ssd/Huawei/20260615/data_collection/group_013/dpct高位机/Bin/frames_index.npz,/mnt/ssd/Huawei/20260615/data_collection/group_013/dpct高位机/Bin/frames.binpack,1214.12548828125,28028.763671875,46295.7109375
20260615,group_013,dpct高位机,1781506179_370343566.bin,982,1137,2.8250160217285156,0.017505645751953125,7.62939453125e-05,0.2671241760253906,0.18867874145507812,0.037952423095703125,15,/mnt/ssd/Huawei/20260615/data_collection/group_013/dpct高位机/Bin/frames_index.npz,/mnt/ssd/Huawei/20260615/data_collection/group_013/dpct高位机/Bin/frames.binpack,1288.000732421875,29006.48046875,46340.94921875
20260615,group_013,dpct高位机,1781506179_470588916.bin,983,1137,2.817768096923828,0.017505645751953125,7.62939453125e-05,0.2681694030761719,0.18813323974609375,0.0387115478515625,15,/mnt/ssd/Huawei/20260615/data_collection/group_013/dpct高位机/Bin/frames_index.npz,/mnt/ssd/Huawei/20260615/data_collection/group_013/dpct高位机/Bin/frames.binpack,1194.3558349609375,27590.671875,46335.29296875
20260615,group_013,dpct高位机,1781506179_670707228.bin,984,1137,2.9361190795898438,0.017505645751953125,7.62939453125e-05,0.2762031555175781,0.1950836181640625,0.04155731201171875,15,/mnt/ssd/Huawei/20260615/data_collection/group_013/dpct高位机/Bin/frames_index.npz,/mnt/ssd/Huawei/20260615/data_collection/group_013/dpct高位机/Bin/frames.binpack,1352.462646484375,29291.22265625,46160.265625
20260615,group_013,dpct高位机,1781506179_771654219.bin,985,1137,2.6979751586914062,0.017505645751953125,7.62939453125e-05,0.25439453125,0.17940521240234375,0.037872314453125,15,/mnt/ssd/Huawei/20260615/data_collection/group_013/dpct高位机/Bin/frames_index.npz,/mnt/ssd/Huawei/20260615/data_collection/group_013/dpct高位机/Bin/frames.binpack,1212.2479248046875,28449.783203125,46301.3671875
20260615,group_013,dpct高位机,1781506179_970402626.bin,986,1137,2.819019317626953,0.017505645751953125,7.62939453125e-05,0.26604461669921875,0.18773269653320312,0.03815460205078125,15,/mnt/ssd/Huawei/20260615/data_collection/group_013/dpct高位机/Bin/frames_index.npz,/mnt/ssd/Huawei/20260615/data_collection/group_013/dpct高位机/Bin/frames.binpack,1290.7957763671875,28881.888671875,46163.1015625
20260615,group_013,dpct高位机,1781506180_070568743.bin,987,1137,0.9536819458007812,0.017505645751953125,7.62939453125e-05,0.0902862548828125,0.0626678466796875,0.012966156005859375,15,/mnt/ssd/Huawei/20260615/data_collection/group_013/dpct高位机/Bin/frames_index.npz,/mnt/ssd/Huawei/20260615/data_collection/group_013/dpct高位机/Bin/frames.binpack,394.1109619140625,16174.892578125,45795.48046875
20260615,group_014,dpct高位机,1781506250_100765679.bin,0,1177,1.4213638305664062,0.0175323486328125,5.7220458984375e-05,0.132659912109375,0.09417343139648438,0.020122528076171875,15,/mnt/ssd/Huawei/20260615/data_collection/group_014/dpct高位机/Bin/frames_index.npz,/mnt/ssd/Huawei/20260615/data_collection/group_014/dpct高位机/Bin/frames.binpack,648.225830078125,19934.583984375,45978.91015625
20260615,group_014,dpct高位机,1781506250_405550667.bin,3,1177,2.4784927368164062,0.0175323486328125,5.7220458984375e-05,0.2324676513671875,0.1651153564453125,0.035511016845703125,15,/mnt/ssd/Huawei/20260615/data_collection/group_014/dpct高位机/Bin/frames_index.npz,/mnt/ssd/Huawei/20260615/data_collection/group_014/dpct高位机/Bin/frames.binpack,1145.5609130859375,28111.3828125,46340.94921875
20260615,group_014,dpct高位机,1781506250_505571595.bin,4,1177,2.8266983032226562,0.0175323486328125,5.7220458984375e-05,0.26546478271484375,0.188079833984375,0.040523529052734375,15,/mnt/ssd/Huawei/20260615/data_collection/group_014/dpct高位机/Bin/frames_index.npz,/mnt/ssd/Huawei/20260615/data_collection/group_014/dpct高位机/Bin/frames.binpack,1299.539306640625,28985.404296875,46340.94921875
20260615,group_014,dpct高位机,1781506250_606714105.bin,5,1177,2.8170089721679688,0.0175323486328125,5.7220458984375e-05,0.2644615173339844,0.18750381469726562,0.03983306884765625,15,/mnt/ssd/Huawei/20260615/data_collection/group_014/dpct高位机/Bin/frames_index.npz,/mnt/ssd/Huawei/20260615/data_collection/group_014/dpct高位机/Bin/frames.binpack,1288.1217041015625,28832.865234375,46163.1015625
20260615,group_014,dpct高位机,1781506250_709029782.bin,6,1177,2.941448211669922,0.0175323486328125,5.7220458984375e-05,0.2755241394042969,0.19598388671875,0.04239654541015625,15,/mnt/ssd/Huawei/20260615/data_collection/group_014/dpct高位机/Bin/frames_index.npz,/mnt/ssd/Huawei/20260615/data_collection/group_014/dpct高位机/Bin/frames.binpack,1382.8135986328125,29816.669921875,45987.3984375
20260615,group_014,dpct高位机,1781506250_818497260.bin,7,1177,2.824024200439453,0.0175323486328125,5.7220458984375e-05,0.2654266357421875,0.18823623657226562,0.0400390625,15,/mnt/ssd/Huawei/20260615/data_collection/group_014/dpct高位机/Bin/frames_index.npz,/mnt/ssd/Huawei/20260615/data_collection/group_014/dpct高位机/Bin/frames.binpack,1282.20556640625,28726.357421875,46295.7109375
20260615,group_014,dpct高位机,1781506250_916811959.bin,8,1177,0.37046051025390625,0.0175323486328125,5.7220458984375e-05,0.033294677734375,0.023700714111328125,0.005046844482421875,15,/mnt/ssd/Huawei/20260615/data_collection/group_014/dpct高位机/Bin/frames_index.npz,/mnt/ssd/Huawei/20260615/data_collection/group_014/dpct高位机/Bin/frames.binpack,162.26129150390625,3263.7861328125,45267.8671875
20260615,group_014,dpct高位机,1781506275_307098847.bin,230,1177,0.8379859924316406,0.0175323486328125,5.7220458984375e-05,0.076202392578125,0.05511474609375,0.013225555419921875,15,/mnt/ssd/Huawei/20260615/data_collection/group_014/dpct高位机/Bin/frames_index.npz,/mnt/ssd/Huawei/20260615/data_collection/group_014/dpct高位机/Bin/frames.binpack,385.7140197753906,16203.650390625,45622.6171875
20260615,group_014,dpct高位机,1781506275_408875230.bin,231,1177,2.57952880859375,0.0175323486328125,5.7220458984375e-05,0.24152374267578125,0.1714324951171875,0.03678131103515625,15,/mnt/ssd/Huawei/20260615/data_collection/group_014/dpct高位机/Bin/frames_index.npz,/mnt/ssd/Huawei/20260615/data_collection/group_014/dpct高位机/Bin/frames.binpack,1195.5574951171875,28118.919921875,46335.29296875
20260615,group_014,dpct高位机,1781506275_510651838.bin,232,1177,2.8142662048339844,0.0175323486328125,5.7220458984375e-05,0.2650566101074219,0.18689346313476562,0.040431976318359375,15,/mnt/ssd/Huawei/20260615/data_collection/group_014/dpct高位机/Bin/frames_index.npz,/mnt/ssd/Huawei/20260615/data_collection/group_014/dpct高位机/Bin/frames.binpack,1292.7271728515625,29034.595703125,46284.390625
20260615,group_014,dpct高位机,1781506275_614123123.bin,233,1177,2.809967041015625,0.0175323486328125,5.7220458984375e-05,0.26461029052734375,0.1865997314453125,0.038562774658203125,15,/mnt/ssd/Huawei/20260615/data_collection/group_014/dpct高位机/Bin/frames_index.npz,/mnt/ssd/Huawei/20260615/data_collection/group_014/dpct高位机/Bin/frames.binpack,1293.39013671875,28962.49609375,46338.12109375
20260615,group_014,dpct高位机,1781506275_716204278.bin,234,1177,2.706695556640625,0.0175323486328125,5.7220458984375e-05,0.25371551513671875,0.18009185791015625,0.03888702392578125,15,/mnt/ssd/Huawei/20260615/data_collection/group_014/dpct高位机/Bin/frames_index.npz,/mnt/ssd/Huawei/20260615/data_collection/group_014/dpct高位机/Bin/frames.binpack,1237.206787109375,28424.0703125,46281.55859375
20260615,group_014,dpct高位机,1781506275_815741305.bin,235,1177,0.36849212646484375,0.0175323486328125,5.7220458984375e-05,0.03326416015625,0.0234832763671875,0.004894256591796875,15,/mnt/ssd/Huawei/20260615/data_collection/group_014/dpct高位机/Bin/frames_index.npz,/mnt/ssd/Huawei/20260615/data_collection/group_014/dpct高位机/Bin/frames.binpack,160.42007446289062,3218.80126953125,45267.8671875
20260615,group_015,dpct高位机,1781506422_979145564.bin,0,1146,2.8263511657714844,0.0176239013671875,4.57763671875e-05,0.26779937744140625,0.1879425048828125,0.03963470458984375,15,/mnt/ssd/Huawei/20260615/data_collection/group_015/dpct高位机/Bin/frames_index.npz,/mnt/ssd/Huawei/20260615/data_collection/group_015/dpct高位机/Bin/frames.binpack,1228.7384033203125,27827.212890625,46295.7109375
20260615,group_015,dpct高位机,1781506423_074208947.bin,1,1146,2.936309814453125,0.0176239013671875,4.57763671875e-05,0.2755775451660156,0.19543838500976562,0.04148101806640625,15,/mnt/ssd/Huawei/20260615/data_collection/group_015/dpct高位机/Bin/frames_index.npz,/mnt/ssd/Huawei/20260615/data_collection/group_015/dpct高位机/Bin/frames.binpack,1361.368408203125,29360.3515625,46338.12109375
20260615,group_015,dpct高位机,1781506423_174244587.bin,2,1146,2.701183319091797,0.0176239013671875,4.57763671875e-05,0.2545013427734375,0.17943954467773438,0.03815460205078125,15,/mnt/ssd/Huawei/20260615/data_collection/group_015/dpct高位机/Bin/frames_index.npz,/mnt/ssd/Huawei/20260615/data_collection/group_015/dpct高位机/Bin/frames.binpack,1226.42431640625,28482.00390625,46338.12109375
20260615,group_015,dpct高位机,1781506423_274210370.bin,3,1146,2.8187217712402344,0.0176239013671875,4.57763671875e-05,0.2650871276855469,0.18787002563476562,0.038951873779296875,15,/mnt/ssd/Huawei/20260615/data_collection/group_015/dpct高位机/Bin/frames_index.npz,/mnt/ssd/Huawei/20260615/data_collection/group_015/dpct高位机/Bin/frames.binpack,1303.0528564453125,28964.2265625,46335.29296875
20260615,group_015,dpct高位机,1781506423_374240826.bin,4,1146,1.6499176025390625,0.0176239013671875,4.57763671875e-05,0.1559906005859375,0.10921478271484375,0.022342681884765625,15,/mnt/ssd/Huawei/20260615/data_collection/group_015/dpct高位机/Bin/frames_index.npz,/mnt/ssd/Huawei/20260615/data_collection/group_015/dpct高位机/Bin/frames.binpack,711.0587768554688,20325.8203125,46171.5546875
20260615,group_015,dpct高位机,1781506427_033679357.bin,40,1146,2.473480224609375,0.0176239013671875,4.57763671875e-05,0.23086166381835938,0.16452407836914062,0.03497314453125,15,/mnt/ssd/Huawei/20260615/data_collection/group_015/dpct高位机/Bin/frames_index.npz,/mnt/ssd/Huawei/20260615/data_collection/group_015/dpct高位机/Bin/frames.binpack,1181.9822998046875,28465.28515625,46335.29296875
20260615,group_015,dpct高位机,1781506427_135451661.bin,41,1146,2.8300132751464844,0.0176239013671875,4.57763671875e-05,0.26656341552734375,0.18825912475585938,0.039844512939453125,15,/mnt/ssd/Huawei/20260615/data_collection/group_015/dpct高位机/Bin/frames_index.npz,/mnt/ssd/Huawei/20260615/data_collection/group_015/dpct高位机/Bin/frames.binpack,1286.1114501953125,28897.609375,46335.29296875
20260615,group_015,dpct高位机,1781506427_235599176.bin,42,1146,2.8287582397460938,0.0176239013671875,4.57763671875e-05,0.266326904296875,0.18853759765625,0.03985595703125,15,/mnt/ssd/Huawei/20260615/data_collection/group_015/dpct高位机/Bin/frames_index.npz,/mnt/ssd/Huawei/20260615/data_collection/group_015/dpct高位机/Bin/frames.binpack,1288.3560791015625,28839.119140625,46329.63671875
20260615,group_015,dpct高位机,1781506427_335683745.bin,43,1146,2.810962677001953,0.0176239013671875,4.57763671875e-05,0.2652778625488281,0.18697357177734375,0.039520263671875,15,/mnt/ssd/Huawei/20260615/data_collection/group_015/dpct高位机/Bin/frames_index.npz,/mnt/ssd/Huawei/20260615/data_collection/group_015/dpct高位机/Bin/frames.binpack,1273.1343994140625,28880.51171875,46323.984375
20260615,group_015,dpct高位机,1781506427_435699610.bin,44,1146,2.823070526123047,0.0176239013671875,4.57763671875e-05,0.2658233642578125,0.18752288818359375,0.040065765380859375,15,/mnt/ssd/Huawei/20260615/data_collection/group_015/dpct高位机/Bin/frames_index.npz,/mnt/ssd/Huawei/20260615/data_collection/group_015/dpct高位机/Bin/frames.binpack,1285.4652099609375,28785.150390625,46165.67578125
20260615,group_015,dpct高位机,1781506427_535682162.bin,45,1146,2.817523956298828,0.0176239013671875,4.57763671875e-05,0.2651214599609375,0.187103271484375,0.039966583251953125,15,/mnt/ssd/Huawei/20260615/data_collection/group_015/dpct高位机/Bin/frames_index.npz,/mnt/ssd/Huawei/20260615/data_collection/group_015/dpct高位机/Bin/frames.binpack,1286.81640625,28745.095703125,46338.12109375
20260615,group_015,dpct高位机,1781506427_638775347.bin,46,1146,2.9346542358398438,0.0176239013671875,4.57763671875e-05,0.2766685485839844,0.19564437866210938,0.041385650634765625,15,/mnt/ssd/Huawei/20260615/data_collection/group_015/dpct高位机/Bin/frames_index.npz,/mnt/ssd/Huawei/20260615/data_collection/group_015/dpct高位机/Bin/frames.binpack,1304.521728515625,28503.65234375,46332.46484375
20260615,group_015,dpct高位机,1781506427_746492880.bin,47,1146,2.8234291076660156,0.0176239013671875,4.57763671875e-05,0.2657623291015625,0.18768692016601562,0.0399322509765625,15,/mnt/ssd/Huawei/20260615/data_collection/group_015/dpct高位机/Bin/frames_index.npz,/mnt/ssd/Huawei/20260615/data_collection/group_015/dpct高位机/Bin/frames.binpack,1285.3697509765625,28741.16796875,46338.12109375
20260615,group_015,dpct高位机,1781506427_850387228.bin,48,1146,2.9377403259277344,0.0176239013671875,4.57763671875e-05,0.27727508544921875,0.19536972045898438,0.041408538818359375,15,/mnt/ssd/Huawei/20260615/data_collection/group_015/dpct高位机/Bin/frames_index.npz,/mnt/ssd/Huawei/20260615/data_collection/group_015/dpct高位机/Bin/frames.binpack,1304.096435546875,28678.431640625,46292.8828125
20260615,group_015,dpct高位机,1781506427_949617962.bin,49,1146,0.3660888671875,0.0176239013671875,4.57763671875e-05,0.033046722412109375,0.023250579833984375,0.004749298095703125,15,/mnt/ssd/Huawei/20260615/data_collection/group_015/dpct高位机/Bin/frames_index.npz,/mnt/ssd/Huawei/20260615/data_collection/group_015/dpct高位机/Bin/frames.binpack,156.88070678710938,3026.897705078125,45622.6171875
20260615,group_015,dpct高位机,1781506428_050305004.bin,50,1146,2.3489456176757812,0.0176239013671875,4.57763671875e-05,0.22066879272460938,0.15609359741210938,0.032863616943359375,15,/mnt/ssd/Huawei/20260615/data_collection/group_015/dpct高位机/Bin/frames_index.npz,/mnt/ssd/Huawei/20260615/data_collection/group_015/dpct高位机/Bin/frames.binpack,1050.87109375,26616.66015625,46338.12109375
20260615,group_015,dpct高位机,1781506428_150322917.bin,51,1146,2.005413055419922,0.0176239013671875,4.57763671875e-05,0.18799972534179688,0.13314437866210938,0.0278778076171875,15,/mnt/ssd/Huawei/20260615/data_collection/group_015/dpct高位机/Bin/frames_index.npz,/mnt/ssd/Huawei/20260615/data_collection/group_015/dpct高位机/Bin/frames.binpack,932.6455688476562,25338.462890625,46165.921875
20260615,group_015,dpct高位机,1781506428_650323073.bin,56,1146,2.4698562622070312,0.0176239013671875,4.57763671875e-05,0.23379898071289062,0.16388320922851562,0.034740447998046875,15,/mnt/ssd/Huawei/20260615/data_collection/group_015/dpct高位机/Bin/frames_index.npz,/mnt/ssd/Huawei/20260615/data_collection/group_015/dpct高位机/Bin/frames.binpack,1064.677490234375,26052.326171875,46335.29296875
20260615,group_015,dpct高位机,1781506428_750337178.bin,57,1146,2.9474029541015625,0.0176239013671875,4.57763671875e-05,0.275909423828125,0.19651412963867188,0.04195404052734375,15,/mnt/ssd/Huawei/20260615/data_collection/group_015/dpct高位机/Bin/frames_index.npz,/mnt/ssd/Huawei/20260615/data_collection/group_015/dpct高位机/Bin/frames.binpack,1371.751953125,29334.33203125,46292.8828125
20260615,group_015,dpct高位机,1781506428_855354228.bin,58,1146,2.706371307373047,0.0176239013671875,4.57763671875e-05,0.2541046142578125,0.180084228515625,0.038959503173828125,15,/mnt/ssd/Huawei/20260615/data_collection/group_015/dpct高位机/Bin/frames_index.npz,/mnt/ssd/Huawei/20260615/data_collection/group_015/dpct高位机/Bin/frames.binpack,1240.859130859375,28516.892578125,46160.28515625
20260615,group_015,dpct高位机,1781506428_956227256.bin,59,1146,2.824554443359375,0.0176239013671875,4.57763671875e-05,0.2644500732421875,0.18790817260742188,0.039653778076171875,15,/mnt/ssd/Huawei/20260615/data_collection/group_015/dpct高位机/Bin/frames_index.npz,/mnt/ssd/Huawei/20260615/data_collection/group_015/dpct高位机/Bin/frames.binpack,1341.919189453125,29330.439453125,46326.80859375
20260615,group_015,dpct高位机,1781506429_057378784.bin,60,1146,3.286376953125,0.0176239013671875,4.57763671875e-05,0.31034088134765625,0.21856307983398438,0.04570770263671875,15,/mnt/ssd/Huawei/20260615/data_collection/group_015/dpct高位机/Bin/frames_index.npz,/mnt/ssd/Huawei/20260615/data_collection/group_015/dpct高位机/Bin/frames.binpack,1487.376220703125,29824.1328125,45984.56640625
20260615,group_015,dpct高位机,1781506429_157343737.bin,61,1146,2.8264389038085938,0.0176239013671875,4.57763671875e-05,0.2655181884765625,0.18824005126953125,0.040004730224609375,15,/mnt/ssd/Huawei/20260615/data_collection/group_015/dpct高位机/Bin/frames_index.npz,/mnt/ssd/Huawei/20260615/data_collection/group_015/dpct高位机/Bin/frames.binpack,1292.3203125,28993.6171875,46163.1015625
20260615,group_015,dpct高位机,1781506429_257422803.bin,62,1146,2.816986083984375,0.0176239013671875,4.57763671875e-05,0.2650032043457031,0.187469482421875,0.039852142333984375,15,/mnt/ssd/Huawei/20260615/data_collection/group_015/dpct高位机/Bin/frames_index.npz,/mnt/ssd/Huawei/20260615/data_collection/group_015/dpct高位机/Bin/frames.binpack,1274.64697265625,28618.810546875,45801.04296875
20260615,group_015,dpct高位机,1781506429_357498445.bin,63,1146,2.816608428955078,0.0176239013671875,4.57763671875e-05,0.2650413513183594,0.18767929077148438,0.039882659912109375,15,/mnt/ssd/Huawei/20260615/data_collection/group_015/dpct高位机/Bin/frames_index.npz,/mnt/ssd/Huawei/20260615/data_collection/group_015/dpct高位机/Bin/frames.binpack,1279.928466796875,28672.0,46332.46484375
20260615,group_015,dpct高位机,1781506429_457387205.bin,64,1146,2.8182411193847656,0.0176239013671875,4.57763671875e-05,0.26525115966796875,0.18756103515625,0.03955078125,15,/mnt/ssd/Huawei/20260615/data_collection/group_015/dpct高位机/Bin/frames_index.npz,/mnt/ssd/Huawei/20260615/data_collection/group_015/dpct高位机/Bin/frames.binpack,1277.327880859375,28745.787109375,46335.29296875
20260615,group_015,dpct高位机,1781506429_557473183.bin,65,1146,2.8204383850097656,0.0176239013671875,4.57763671875e-05,0.2652473449707031,0.1876983642578125,0.03997039794921875,15,/mnt/ssd/Huawei/20260615/data_collection/group_015/dpct高位机/Bin/frames_index.npz,/mnt/ssd/Huawei/20260615/data_collection/group_015/dpct高位机/Bin/frames.binpack,1291.641845703125,28934.029296875,46340.94921875
20260615,group_015,dpct高位机,1781506429_657512344.bin,66,1146,2.816814422607422,0.0176239013671875,4.57763671875e-05,0.2651214599609375,0.18758773803710938,0.03954315185546875,15,/mnt/ssd/Huawei/20260615/data_collection/group_015/dpct高位机/Bin/frames_index.npz,/mnt/ssd/Huawei/20260615/data_collection/group_015/dpct高位机/Bin/frames.binpack,1285.46923828125,28973.6640625,46340.94921875
20260615,group_015,dpct高位机,1781506429_757659059.bin,67,1146,2.815704345703125,0.0176239013671875,4.57763671875e-05,0.26540374755859375,0.18712234497070312,0.03961181640625,15,/mnt/ssd/Huawei/20260615/data_collection/group_015/dpct高位机/Bin/frames_index.npz,/mnt/ssd/Huawei/20260615/data_collection/group_015/dpct高位机/Bin/frames.binpack,1279.9984130859375,28780.962890625,46278.73046875
20260615,group_015,dpct高位机,1781506429_857751886.bin,68,1146,2.8196029663085938,0.0176239013671875,4.57763671875e-05,0.26512908935546875,0.18767929077148438,0.039554595947265625,15,/mnt/ssd/Huawei/20260615/data_collection/group_015/dpct高位机/Bin/frames_index.npz,/mnt/ssd/Huawei/20260615/data_collection/group_015/dpct高位机/Bin/frames.binpack,1278.9842529296875,28553.412109375,46318.32421875
20260615,group_015,dpct高位机,1781506429_964630497.bin,69,1146,2.816478729248047,0.0176239013671875,4.57763671875e-05,0.265716552734375,0.18743896484375,0.0395660400390625,15,/mnt/ssd/Huawei/20260615/data_collection/group_015/dpct高位机/Bin/frames_index.npz,/mnt/ssd/Huawei/20260615/data_collection/group_015/dpct高位机/Bin/frames.binpack,1281.7039794921875,28745.048828125,46340.94921875
20260615,group_015,dpct高位机,1781506430_068311114.bin,70,1146,2.8306503295898438,0.0176239013671875,4.57763671875e-05,0.26446533203125,0.188385009765625,0.04148101806640625,15,/mnt/ssd/Huawei/20260615/data_collection/group_015/dpct高位机/Bin/frames_index.npz,/mnt/ssd/Huawei/20260615/data_collection/group_015/dpct高位机/Bin/frames.binpack,1329.39111328125,29129.494140625,46338.12109375
20260615,group_015,dpct高位机,1781506430_167723003.bin,71,1146,2.93072509765625,0.0176239013671875,4.57763671875e-05,0.27521514892578125,0.19507980346679688,0.041107177734375,15,/mnt/ssd/Huawei/20260615/data_collection/group_015/dpct高位机/Bin/frames_index.npz,/mnt/ssd/Huawei/20260615/data_collection/group_015/dpct高位机/Bin/frames.binpack,1349.711669921875,29328.748046875,46340.94921875
20260615,group_015,dpct高位机,1781506430_267767605.bin,72,1146,2.7028770446777344,0.0176239013671875,4.57763671875e-05,0.2537803649902344,0.179840087890625,0.038600921630859375,15,/mnt/ssd/Huawei/20260615/data_collection/group_015/dpct高位机/Bin/frames_index.npz,/mnt/ssd/Huawei/20260615/data_collection/group_015/dpct高位机/Bin/frames.binpack,1224.31201171875,28169.615234375,46338.12109375
20260615,group_015,dpct高位机,1781506430_368225333.bin,73,1146,1.8883056640625,0.0176239013671875,4.57763671875e-05,0.17779159545898438,0.12516403198242188,0.025493621826171875,15,/mnt/ssd/Huawei/20260615/data_collection/group_015/dpct高位机/Bin/frames_index.npz,/mnt/ssd/Huawei/20260615/data_collection/group_015/dpct高位机/Bin/frames.binpack,849.5703125,23132.408203125,46309.8359375
20260615,group_015,dpct高位机,1781506478_540875365.bin,521,1146,2.4722557067871094,0.0176239013671875,4.57763671875e-05,0.23301315307617188,0.1644744873046875,0.035640716552734375,15,/mnt/ssd/Huawei/20260615/data_collection/group_015/dpct高位机/Bin/frames_index.npz,/mnt/ssd/Huawei/20260615/data_collection/group_015/dpct高位机/Bin/frames.binpack,1094.7021484375,27034.375,46329.63671875
20260615,group_015,dpct高位机,1781506478_645523400.bin,522,1146,2.833324432373047,0.0176239013671875,4.57763671875e-05,0.2667655944824219,0.1892242431640625,0.03993988037109375,15,/mnt/ssd/Huawei/20260615/data_collection/group_015/dpct高位机/Bin/frames_index.npz,/mnt/ssd/Huawei/20260615/data_collection/group_015/dpct高位机/Bin/frames.binpack,1291.041748046875,28908.525390625,46335.29296875
20260615,group_015,dpct高位机,1781506478_745550222.bin,523,1146,2.821025848388672,0.0176239013671875,4.57763671875e-05,0.2657432556152344,0.18768692016601562,0.03974151611328125,15,/mnt/ssd/Huawei/20260615/data_collection/group_015/dpct高位机/Bin/frames_index.npz,/mnt/ssd/Huawei/20260615/data_collection/group_015/dpct高位机/Bin/frames.binpack,1280.4443359375,28911.1796875,46338.12109375
20260615,group_015,dpct高位机,1781506478_845751254.bin,524,1146,2.8149070739746094,0.0176239013671875,4.57763671875e-05,0.2661552429199219,0.18689346313476562,0.03902435302734375,15,/mnt/ssd/Huawei/20260615/data_collection/group_015/dpct高位机/Bin/frames_index.npz,/mnt/ssd/Huawei/20260615/data_collection/group_015/dpct高位机/Bin/frames.binpack,1270.219970703125,28879.947265625,46340.94921875
20260615,group_015,dpct高位机,1781506478_955921537.bin,525,1146,2.8299636840820312,0.0176239013671875,4.57763671875e-05,0.2644615173339844,0.18819046020507812,0.040225982666015625,15,/mnt/ssd/Huawei/20260615/data_collection/group_015/dpct高位机/Bin/frames_index.npz,/mnt/ssd/Huawei/20260615/data_collection/group_015/dpct高位机/Bin/frames.binpack,1355.8563232421875,29720.896484375,46338.12109375
20260615,group_015,dpct高位机,1781506479_062410524.bin,526,1146,2.827312469482422,0.0176239013671875,4.57763671875e-05,0.2665443420410156,0.1884918212890625,0.039791107177734375,15,/mnt/ssd/Huawei/20260615/data_collection/group_015/dpct高位机/Bin/frames_index.npz,/mnt/ssd/Huawei/20260615/data_collection/group_015/dpct高位机/Bin/frames.binpack,1280.979736328125,28700.37890625,46287.2109375
20260615,group_015,dpct高位机,1781506479_162546788.bin,527,1146,2.824993133544922,0.0176239013671875,4.57763671875e-05,0.2667999267578125,0.18771743774414062,0.040058135986328125,15,/mnt/ssd/Huawei/20260615/data_collection/group_015/dpct高位机/Bin/frames_index.npz,/mnt/ssd/Huawei/20260615/data_collection/group_015/dpct高位机/Bin/frames.binpack,1290.8760986328125,28959.4609375,46340.94921875
20260615,group_015,dpct高位机,1781506479_262549290.bin,528,1146,2.820892333984375,0.0176239013671875,4.57763671875e-05,0.2662696838378906,0.18706130981445312,0.03964996337890625,15,/mnt/ssd/Huawei/20260615/data_collection/group_015/dpct高位机/Bin/frames_index.npz,/mnt/ssd/Huawei/20260615/data_collection/group_015/dpct高位机/Bin/frames.binpack,1273.7108154296875,28523.98046875,46335.29296875
20260615,group_015,dpct高位机,1781506479_364032195.bin,529,1146,2.8313331604003906,0.0176239013671875,4.57763671875e-05,0.2647857666015625,0.18874740600585938,0.0396728515625,15,/mnt/ssd/Huawei/20260615/data_collection/group_015/dpct高位机/Bin/frames_index.npz,/mnt/ssd/Huawei/20260615/data_collection/group_015/dpct高位机/Bin/frames.binpack,1337.8150634765625,29255.55859375,46298.54296875
20260615,group_015,dpct高位机,1781506479_464030953.bin,530,1146,2.7001113891601562,0.0176239013671875,4.57763671875e-05,0.2556114196777344,0.17921829223632812,0.037311553955078125,15,/mnt/ssd/Huawei/20260615/data_collection/group_015/dpct高位机/Bin/frames_index.npz,/mnt/ssd/Huawei/20260615/data_collection/group_015/dpct高位机/Bin/frames.binpack,1184.022705078125,27724.228515625,46160.265625
20260615,group_015,dpct高位机,1781506479_564231921.bin,531,1146,2.940448760986328,0.0176239013671875,4.57763671875e-05,0.27750396728515625,0.195648193359375,0.040546417236328125,15,/mnt/ssd/Huawei/20260615/data_collection/group_015/dpct高位机/Bin/frames_index.npz,/mnt/ssd/Huawei/20260615/data_collection/group_015/dpct高位机/Bin/frames.binpack,1334.131591796875,29029.970703125,46335.29296875
20260615,group_015,dpct高位机,1781506479_665389798.bin,532,1146,2.7136802673339844,0.0176239013671875,4.57763671875e-05,0.2547721862792969,0.18103408813476562,0.037815093994140625,15,/mnt/ssd/Huawei/20260615/data_collection/group_015/dpct高位机/Bin/frames_index.npz,/mnt/ssd/Huawei/20260615/data_collection/group_015/dpct高位机/Bin/frames.binpack,1252.506103515625,28474.310546875,45981.7421875
20260615,group_015,dpct高位机,1781506479_765994484.bin,533,1146,2.8180580139160156,0.0176239013671875,4.57763671875e-05,0.2637176513671875,0.18716812133789062,0.041126251220703125,15,/mnt/ssd/Huawei/20260615/data_collection/group_015/dpct高位机/Bin/frames_index.npz,/mnt/ssd/Huawei/20260615/data_collection/group_015/dpct高位机/Bin/frames.binpack,1311.352294921875,29066.4921875,46165.921875
20260615,group_015,dpct高位机,1781506479_866062203.bin,534,1146,2.7130966186523438,0.0176239013671875,4.57763671875e-05,0.25450897216796875,0.181060791015625,0.03762054443359375,15,/mnt/ssd/Huawei/20260615/data_collection/group_015/dpct高位机/Bin/frames_index.npz,/mnt/ssd/Huawei/20260615/data_collection/group_015/dpct高位机/Bin/frames.binpack,1253.551025390625,28711.544921875,46292.8828125
20260615,group_015,dpct高位机,1781506479_966303876.bin,535,1146,2.823902130126953,0.0176239013671875,4.57763671875e-05,0.26708221435546875,0.18804550170898438,0.038570404052734375,15,/mnt/ssd/Huawei/20260615/data_collection/group_015/dpct高位机/Bin/frames_index.npz,/mnt/ssd/Huawei/20260615/data_collection/group_015/dpct高位机/Bin/frames.binpack,1255.2501220703125,28672.6484375,46329.63671875
20260615,group_015,dpct高位机,1781506480_066967026.bin,536,1146,2.8143997192382812,0.0176239013671875,4.57763671875e-05,0.26639556884765625,0.18728256225585938,0.039226531982421875,15,/mnt/ssd/Huawei/20260615/data_collection/group_015/dpct高位机/Bin/frames_index.npz,/mnt/ssd/Huawei/20260615/data_collection/group_015/dpct高位机/Bin/frames.binpack,1220.469970703125,28215.576171875,46338.12109375
20260615,group_015,dpct高位机,1781506480_167764803.bin,537,1146,2.9381179809570312,0.0176239013671875,4.57763671875e-05,0.2761650085449219,0.19532012939453125,0.04157257080078125,15,/mnt/ssd/Huawei/20260615/data_collection/group_015/dpct高位机/Bin/frames_index.npz,/mnt/ssd/Huawei/20260615/data_collection/group_015/dpct高位机/Bin/frames.binpack,1362.5455322265625,29327.6953125,46338.12109375
20260615,group_015,dpct高位机,1781506480_268085069.bin,538,1146,0.3635139465332031,0.0176239013671875,4.57763671875e-05,0.032642364501953125,0.02313995361328125,0.004878997802734375,15,/mnt/ssd/Huawei/20260615/data_collection/group_015/dpct高位机/Bin/frames_index.npz,/mnt/ssd/Huawei/20260615/data_collection/group_015/dpct高位机/Bin/frames.binpack,157.6873016357422,2990.74609375,45619.74609375
20260615,group_016,dpct高位机,1781511518_138102051.bin,0,1155,0.36997222900390625,0.018131256103515625,5.7220458984375e-05,0.033229827880859375,0.02349090576171875,0.004993438720703125,15,/mnt/ssd/Huawei/20260615/data_collection/group_016/dpct高位机/Bin/frames_index.npz,/mnt/ssd/Huawei/20260615/data_collection/group_016/dpct高位机/Bin/frames.binpack,160.35269165039062,3414.95361328125,45803.90625
20260615,group_016,dpct高位机,1781511601_679916424.bin,804,1155,2.4815711975097656,0.018131256103515625,5.7220458984375e-05,0.23244857788085938,0.1649017333984375,0.034893035888671875,15,/mnt/ssd/Huawei/20260615/data_collection/group_016/dpct高位机/Bin/frames_index.npz,/mnt/ssd/Huawei/20260615/data_collection/group_016/dpct高位机/Bin/frames.binpack,1141.2969970703125,27643.27734375,46335.29296875
20260615,group_016,dpct高位机,1781511601_779955129.bin,805,1155,2.8287887573242188,0.018131256103515625,5.7220458984375e-05,0.2653007507324219,0.18826675415039062,0.04012298583984375,15,/mnt/ssd/Huawei/20260615/data_collection/group_016/dpct高位机/Bin/frames_index.npz,/mnt/ssd/Huawei/20260615/data_collection/group_016/dpct高位机/Bin/frames.binpack,1304.409912109375,28963.421875,46335.29296875
20260615,group_016,dpct高位机,1781511601_880081835.bin,806,1155,2.83282470703125,0.018131256103515625,5.7220458984375e-05,0.2660255432128906,0.18812179565429688,0.04024505615234375,15,/mnt/ssd/Huawei/20260615/data_collection/group_016/dpct高位机/Bin/frames_index.npz,/mnt/ssd/Huawei/20260615/data_collection/group_016/dpct高位机/Bin/frames.binpack,1310.0689697265625,29326.69140625,46338.12109375
20260615,group_016,dpct高位机,1781511601_995598612.bin,807,1155,2.8316497802734375,0.018131256103515625,5.7220458984375e-05,0.2655754089355469,0.18799591064453125,0.040157318115234375,15,/mnt/ssd/Huawei/20260615/data_collection/group_016/dpct高位机/Bin/frames_index.npz,/mnt/ssd/Huawei/20260615/data_collection/group_016/dpct高位机/Bin/frames.binpack,1307.0631103515625,28830.240234375,46335.29296875
20260615,group_016,dpct高位机,1781511602_096995034.bin,808,1155,2.7150421142578125,0.018131256103515625,5.7220458984375e-05,0.25428009033203125,0.18010330200195312,0.039142608642578125,15,/mnt/ssd/Huawei/20260615/data_collection/group_016/dpct高位机/Bin/frames_index.npz,/mnt/ssd/Huawei/20260615/data_collection/group_016/dpct高位机/Bin/frames.binpack,1258.2821044921875,28404.439453125,46335.29296875
20260615,group_016,dpct高位机,1781511602_201683182.bin,809,1155,2.829723358154297,0.018131256103515625,5.7220458984375e-05,0.26573944091796875,0.18809890747070312,0.040225982666015625,15,/mnt/ssd/Huawei/20260615/data_collection/group_016/dpct高位机/Bin/frames_index.npz,/mnt/ssd/Huawei/20260615/data_collection/group_016/dpct高位机/Bin/frames.binpack,1307.0333251953125,28958.921875,46295.7109375
20260615,group_016,dpct高位机,1781511602_301249915.bin,810,1155,2.833690643310547,0.018131256103515625,5.7220458984375e-05,0.2654151916503906,0.1884613037109375,0.040348052978515625,15,/mnt/ssd/Huawei/20260615/data_collection/group_016/dpct高位机/Bin/frames_index.npz,/mnt/ssd/Huawei/20260615/data_collection/group_016/dpct高位机/Bin/frames.binpack,1308.9373779296875,28942.203125,46160.12890625
20260615,group_016,dpct高位机,1781511602_401331823.bin,811,1155,2.830425262451172,0.018131256103515625,5.7220458984375e-05,0.2653007507324219,0.188201904296875,0.040279388427734375,15,/mnt/ssd/Huawei/20260615/data_collection/group_016/dpct高位机/Bin/frames_index.npz,/mnt/ssd/Huawei/20260615/data_collection/group_016/dpct高位机/Bin/frames.binpack,1307.1748046875,28960.62890625,46340.94921875
20260615,group_016,dpct高位机,1781511602_504581808.bin,812,1155,2.828887939453125,0.018131256103515625,5.7220458984375e-05,0.2652778625488281,0.18849563598632812,0.04096221923828125,15,/mnt/ssd/Huawei/20260615/data_collection/group_016/dpct高位机/Bin/frames_index.npz,/mnt/ssd/Huawei/20260615/data_collection/group_016/dpct高位机/Bin/frames.binpack,1280.442626953125,28653.556640625,46287.21875
20260615,group_016,dpct高位机,1781511602_607716110.bin,813,1155,2.8411941528320312,0.018131256103515625,5.7220458984375e-05,0.2666282653808594,0.18893814086914062,0.040683746337890625,15,/mnt/ssd/Huawei/20260615/data_collection/group_016/dpct高位机/Bin/frames_index.npz,/mnt/ssd/Huawei/20260615/data_collection/group_016/dpct高位机/Bin/frames.binpack,1318.6136474609375,29059.37890625,46295.7109375
20260615,group_016,dpct高位机,1781511602_707996325.bin,814,1155,2.8294219970703125,0.018131256103515625,5.7220458984375e-05,0.2649345397949219,0.18838119506835938,0.04010009765625,15,/mnt/ssd/Huawei/20260615/data_collection/group_016/dpct高位机/Bin/frames_index.npz,/mnt/ssd/Huawei/20260615/data_collection/group_016/dpct高位机/Bin/frames.binpack,1309.3433837890625,28927.6484375,45980.3359375
20260615,group_016,dpct高位机,1781511602_810630269.bin,815,1155,2.8238906860351562,0.018131256103515625,5.7220458984375e-05,0.2666206359863281,0.1878204345703125,0.040218353271484375,15,/mnt/ssd/Huawei/20260615/data_collection/group_016/dpct高位机/Bin/frames_index.npz,/mnt/ssd/Huawei/20260615/data_collection/group_016/dpct高位机/Bin/frames.binpack,1252.274169921875,28188.283203125,46340.94921875
20260615,group_016,dpct高位机,1781511602_910692081.bin,816,1155,2.9403533935546875,0.018131256103515625,5.7220458984375e-05,0.2775840759277344,0.19529342651367188,0.042079925537109375,15,/mnt/ssd/Huawei/20260615/data_collection/group_016/dpct高位机/Bin/frames_index.npz,/mnt/ssd/Huawei/20260615/data_collection/group_016/dpct高位机/Bin/frames.binpack,1329.84765625,29109.337890625,46340.94921875
20260615,group_016,dpct高位机,1781511603_010700164.bin,817,1155,2.947795867919922,0.018131256103515625,5.7220458984375e-05,0.2775077819824219,0.19598007202148438,0.042247772216796875,15,/mnt/ssd/Huawei/20260615/data_collection/group_016/dpct高位机/Bin/frames_index.npz,/mnt/ssd/Huawei/20260615/data_collection/group_016/dpct高位机/Bin/frames.binpack,1336.5877685546875,29133.26953125,45984.56640625
20260615,group_016,dpct高位机,1781511603_115849441.bin,818,1155,2.8280677795410156,0.018131256103515625,5.7220458984375e-05,0.2639312744140625,0.18787002563476562,0.041095733642578125,15,/mnt/ssd/Huawei/20260615/data_collection/group_016/dpct高位机/Bin/frames_index.npz,/mnt/ssd/Huawei/20260615/data_collection/group_016/dpct高位机/Bin/frames.binpack,1336.00048828125,29135.201171875,45783.56640625
20260615,group_016,dpct高位机,1781511603_212359686.bin,819,1155,0.3700370788574219,0.018131256103515625,5.7220458984375e-05,0.033203125,0.023487091064453125,0.00524139404296875,15,/mnt/ssd/Huawei/20260615/data_collection/group_016/dpct高位机/Bin/frames_index.npz,/mnt/ssd/Huawei/20260615/data_collection/group_016/dpct高位机/Bin/frames.binpack,170.7374267578125,3526.037841796875,45573.8046875
20260615,group_017,dpct高位机,1781511725_236506991.bin,163,1153,2.4820289611816406,0.018032073974609375,3.814697265625e-05,0.2328643798828125,0.1650390625,0.035068511962890625,15,/mnt/ssd/Huawei/20260615/data_collection/group_017/dpct高位机/Bin/frames_index.npz,/mnt/ssd/Huawei/20260615/data_collection/group_017/dpct高位机/Bin/frames.binpack,1132.13525390625,27462.953125,46338.12109375
20260615,group_017,dpct高位机,1781511725_336551155.bin,164,1153,2.827899932861328,0.018032073974609375,3.814697265625e-05,0.2667198181152344,0.1880950927734375,0.038837432861328125,15,/mnt/ssd/Huawei/20260615/data_collection/group_017/dpct高位机/Bin/frames_index.npz,/mnt/ssd/Huawei/20260615/data_collection/group_017/dpct高位机/Bin/frames.binpack,1269.064208984375,28422.470703125,46338.12109375
20260615,group_017,dpct高位机,1781511725_436324690.bin,165,1153,2.8250083923339844,0.018032073974609375,3.814697265625e-05,0.2657623291015625,0.18799591064453125,0.0390472412109375,15,/mnt/ssd/Huawei/20260615/data_collection/group_017/dpct高位机/Bin/frames_index.npz,/mnt/ssd/Huawei/20260615/data_collection/group_017/dpct高位机/Bin/frames.binpack,1271.9666748046875,28666.375,46340.94921875
20260615,group_017,dpct高位机,1781511725_536333365.bin,166,1153,2.8277549743652344,0.018032073974609375,3.814697265625e-05,0.26609039306640625,0.188232421875,0.0394287109375,15,/mnt/ssd/Huawei/20260615/data_collection/group_017/dpct高位机/Bin/frames_index.npz,/mnt/ssd/Huawei/20260615/data_collection/group_017/dpct高位机/Bin/frames.binpack,1281.777587890625,28963.09375,46335.29296875
20260615,group_017,dpct高位机,1781511725_636355256.bin,167,1153,2.8241195678710938,0.018032073974609375,3.814697265625e-05,0.26662445068359375,0.18772125244140625,0.038654327392578125,15,/mnt/ssd/Huawei/20260615/data_collection/group_017/dpct高位机/Bin/frames_index.npz,/mnt/ssd/Huawei/20260615/data_collection/group_017/dpct高位机/Bin/frames.binpack,1264.541259765625,28322.943359375,46160.28515625
20260615,group_017,dpct高位机,1781511725_740586626.bin,168,1153,2.1348495483398438,0.018032073974609375,3.814697265625e-05,0.20062255859375,0.14163970947265625,0.029754638671875,15,/mnt/ssd/Huawei/20260615/data_collection/group_017/dpct高位机/Bin/frames_index.npz,/mnt/ssd/Huawei/20260615/data_collection/group_017/dpct高位机/Bin/frames.binpack,969.2205810546875,25681.7890625,46165.921875
20260615,group_017,dpct高位机,1781511725_851175477.bin,169,1153,2.5985946655273438,0.018032073974609375,3.814697265625e-05,0.24546432495117188,0.17293548583984375,0.034881591796875,15,/mnt/ssd/Huawei/20260615/data_collection/group_017/dpct高位机/Bin/frames_index.npz,/mnt/ssd/Huawei/20260615/data_collection/group_017/dpct高位机/Bin/frames.binpack,1160.5185546875,27558.21875,46338.12109375
20260615,group_017,dpct高位机,1781511725_950631887.bin,170,1153,2.9579010009765625,0.018032073974609375,3.814697265625e-05,0.27687835693359375,0.19724655151367188,0.04241943359375,15,/mnt/ssd/Huawei/20260615/data_collection/group_017/dpct高位机/Bin/frames_index.npz,/mnt/ssd/Huawei/20260615/data_collection/group_017/dpct高位机/Bin/frames.binpack,1377.5531005859375,29462.904296875,46338.12109375
20260615,group_017,dpct高位机,1781511726_050482801.bin,171,1153,2.7172012329101562,0.018032073974609375,3.814697265625e-05,0.2547149658203125,0.18095779418945312,0.039134979248046875,15,/mnt/ssd/Huawei/20260615/data_collection/group_017/dpct高位机/Bin/frames_index.npz,/mnt/ssd/Huawei/20260615/data_collection/group_017/dpct高位机/Bin/frames.binpack,1241.4111328125,28506.06640625,46332.46484375
20260615,group_017,dpct高位机,1781511726_151696586.bin,172,1153,2.8373184204101562,0.018032073974609375,3.814697265625e-05,0.26708984375,0.18857574462890625,0.0385589599609375,15,/mnt/ssd/Huawei/20260615/data_collection/group_017/dpct高位机/Bin/frames_index.npz,/mnt/ssd/Huawei/20260615/data_collection/group_017/dpct高位机/Bin/frames.binpack,1311.9515380859375,29046.125,46340.94921875
20260615,group_017,dpct高位机,1781511726_251432010.bin,173,1153,2.7113304138183594,0.018032073974609375,3.814697265625e-05,0.2542991638183594,0.18064498901367188,0.0385589599609375,15,/mnt/ssd/Huawei/20260615/data_collection/group_017/dpct高位机/Bin/frames_index.npz,/mnt/ssd/Huawei/20260615/data_collection/group_017/dpct高位机/Bin/frames.binpack,1239.4891357421875,28423.009765625,46340.94921875
20260615,group_017,dpct高位机,1781511726_351999577.bin,174,1153,2.8397979736328125,0.018032073974609375,3.814697265625e-05,0.26662445068359375,0.18910598754882812,0.038730621337890625,15,/mnt/ssd/Huawei/20260615/data_collection/group_017/dpct高位机/Bin/frames_index.npz,/mnt/ssd/Huawei/20260615/data_collection/group_017/dpct高位机/Bin/frames.binpack,1314.512939453125,29114.080078125,46332.46484375
20260615,group_017,dpct高位机,1781511726_464211561.bin,175,1153,0.3699455261230469,0.018032073974609375,3.814697265625e-05,0.033329010009765625,0.023654937744140625,0.00481414794921875,15,/mnt/ssd/Huawei/20260615/data_collection/group_017/dpct高位机/Bin/frames_index.npz,/mnt/ssd/Huawei/20260615/data_collection/group_017/dpct高位机/Bin/frames.binpack,159.1833953857422,3200.671875,44864.1796875
20260615,group_017,dpct高位机,1781511800_932980436.bin,910,1153,2.4775733947753906,0.018032073974609375,3.814697265625e-05,0.233612060546875,0.16475296020507812,0.03398895263671875,15,/mnt/ssd/Huawei/20260615/data_collection/group_017/dpct高位机/Bin/frames_index.npz,/mnt/ssd/Huawei/20260615/data_collection/group_017/dpct高位机/Bin/frames.binpack,1147.861083984375,27895.412109375,46338.12109375
20260615,group_017,dpct高位机,1781511801_036826406.bin,911,1153,2.8186073303222656,0.018032073974609375,3.814697265625e-05,0.2684135437011719,0.1873779296875,0.03815460205078125,15,/mnt/ssd/Huawei/20260615/data_collection/group_017/dpct高位机/Bin/frames_index.npz,/mnt/ssd/Huawei/20260615/data_collection/group_017/dpct高位机/Bin/frames.binpack,1200.3424072265625,27594.578125,45980.3359375
20260615,group_017,dpct高位机,1781511801_149791837.bin,912,1153,2.9442520141601562,0.018032073974609375,3.814697265625e-05,0.2778167724609375,0.19566726684570312,0.03997039794921875,15,/mnt/ssd/Huawei/20260615/data_collection/group_017/dpct高位机/Bin/frames_index.npz,/mnt/ssd/Huawei/20260615/data_collection/group_017/dpct高位机/Bin/frames.binpack,1330.162353515625,28864.615234375,46329.63671875
20260615,group_017,dpct高位机,1781511801_251448680.bin,913,1153,2.8285255432128906,0.018032073974609375,3.814697265625e-05,0.26717376708984375,0.1883544921875,0.038730621337890625,15,/mnt/ssd/Huawei/20260615/data_collection/group_017/dpct高位机/Bin/frames_index.npz,/mnt/ssd/Huawei/20260615/data_collection/group_017/dpct高位机/Bin/frames.binpack,1258.7210693359375,28210.599609375,46338.12109375
20260615,group_017,dpct高位机,1781511801_351642872.bin,914,1153,2.831066131591797,0.018032073974609375,3.814697265625e-05,0.26790618896484375,0.1883087158203125,0.03847503662109375,15,/mnt/ssd/Huawei/20260615/data_collection/group_017/dpct高位机/Bin/frames_index.npz,/mnt/ssd/Huawei/20260615/data_collection/group_017/dpct高位机/Bin/frames.binpack,1257.6827392578125,28462.482421875,46321.15234375
20260615,group_017,dpct高位机,1781511801_456357179.bin,915,1153,2.8220863342285156,0.018032073974609375,3.814697265625e-05,0.26667022705078125,0.1875457763671875,0.038776397705078125,15,/mnt/ssd/Huawei/20260615/data_collection/group_017/dpct高位机/Bin/frames_index.npz,/mnt/ssd/Huawei/20260615/data_collection/group_017/dpct高位机/Bin/frames.binpack,1257.68994140625,28079.3671875,46292.8828125
20260615,group_017,dpct高位机,1781511801_555687356.bin,916,1153,1.0694389343261719,0.018032073974609375,3.814697265625e-05,0.0999755859375,0.070159912109375,0.01450347900390625,15,/mnt/ssd/Huawei/20260615/data_collection/group_017/dpct高位机/Bin/frames_index.npz,/mnt/ssd/Huawei/20260615/data_collection/group_017/dpct高位机/Bin/frames.binpack,470.8694763183594,16509.263671875,46137.6171875
20260615,group_017,dpct高位机,1781511801_869013172.bin,918,1153,2.8299598693847656,0.018032073974609375,3.814697265625e-05,0.2675323486328125,0.18824386596679688,0.037776947021484375,15,/mnt/ssd/Huawei/20260615/data_collection/group_017/dpct高位机/Bin/frames_index.npz,/mnt/ssd/Huawei/20260615/data_collection/group_017/dpct高位机/Bin/frames.binpack,1284.259765625,28718.78515625,46338.12109375
20260615,group_017,dpct高位机,1781511801_968231347.bin,919,1153,2.820842742919922,0.018032073974609375,3.814697265625e-05,0.26877593994140625,0.18743515014648438,0.0383453369140625,15,/mnt/ssd/Huawei/20260615/data_collection/group_017/dpct高位机/Bin/frames_index.npz,/mnt/ssd/Huawei/20260615/data_collection/group_017/dpct高位机/Bin/frames.binpack,1193.9810791015625,27517.671875,46157.42578125
20260615,group_017,dpct高位机,1781511802_067548597.bin,920,1153,2.949718475341797,0.018032073974609375,3.814697265625e-05,0.2777595520019531,0.19672775268554688,0.040599822998046875,15,/mnt/ssd/Huawei/20260615/data_collection/group_017/dpct高位机/Bin/frames_index.npz,/mnt/ssd/Huawei/20260615/data_collection/group_017/dpct高位机/Bin/frames.binpack,1340.012451171875,28984.888671875,46326.80859375
20260615,group_017,dpct高位机,1781511802_167539555.bin,921,1153,2.7080650329589844,0.018032073974609375,3.814697265625e-05,0.2554359436035156,0.18006515502929688,0.037052154541015625,15,/mnt/ssd/Huawei/20260615/data_collection/group_017/dpct高位机/Bin/frames_index.npz,/mnt/ssd/Huawei/20260615/data_collection/group_017/dpct高位机/Bin/frames.binpack,1197.8223876953125,27547.419921875,46290.05078125
20260615,group_017,dpct高位机,1781511802_267612723.bin,922,1153,2.8283729553222656,0.018032073974609375,3.814697265625e-05,0.2673530578613281,0.18832778930664062,0.037494659423828125,15,/mnt/ssd/Huawei/20260615/data_collection/group_017/dpct高位机/Bin/frames_index.npz,/mnt/ssd/Huawei/20260615/data_collection/group_017/dpct高位机/Bin/frames.binpack,1288.7601318359375,28684.869140625,46284.390625
20260615,group_017,dpct高位机,1781511802_367596450.bin,923,1153,2.8356895446777344,0.018032073974609375,3.814697265625e-05,0.26941680908203125,0.18861007690429688,0.0390625,15,/mnt/ssd/Huawei/20260615/data_collection/group_017/dpct高位机/Bin/frames_index.npz,/mnt/ssd/Huawei/20260615/data_collection/group_017/dpct高位机/Bin/frames.binpack,1210.5250244140625,27579.220703125,46309.84375
20260615,group_017,dpct高位机,1781511802_469872314.bin,924,1153,2.9437332153320312,0.018032073974609375,3.814697265625e-05,0.27747344970703125,0.19563674926757812,0.040283203125,15,/mnt/ssd/Huawei/20260615/data_collection/group_017/dpct高位机/Bin/frames_index.npz,/mnt/ssd/Huawei/20260615/data_collection/group_017/dpct高位机/Bin/frames.binpack,1340.744873046875,28946.658203125,46332.46484375
20260615,group_017,dpct高位机,1781511802_567535839.bin,925,1153,2.714385986328125,0.018032073974609375,3.814697265625e-05,0.25556182861328125,0.18063735961914062,0.03791046142578125,15,/mnt/ssd/Huawei/20260615/data_collection/group_017/dpct高位机/Bin/frames_index.npz,/mnt/ssd/Huawei/20260615/data_collection/group_017/dpct高位机/Bin/frames.binpack,1213.497314453125,27950.0625,46329.63671875
20260615,group_017,dpct高位机,1781511802_667522061.bin,926,1153,2.826629638671875,0.018032073974609375,3.814697265625e-05,0.26673126220703125,0.18829727172851562,0.037212371826171875,15,/mnt/ssd/Huawei/20260615/data_collection/group_017/dpct高位机/Bin/frames_index.npz,/mnt/ssd/Huawei/20260615/data_collection/group_017/dpct高位机/Bin/frames.binpack,1278.19189453125,28676.58203125,46335.29296875
20260615,group_017,dpct高位机,1781511802_767677183.bin,927,1153,2.8185386657714844,0.018032073974609375,3.814697265625e-05,0.2683601379394531,0.1873321533203125,0.03867340087890625,15,/mnt/ssd/Huawei/20260615/data_collection/group_017/dpct高位机/Bin/frames_index.npz,/mnt/ssd/Huawei/20260615/data_collection/group_017/dpct高位机/Bin/frames.binpack,1203.6624755859375,27564.6640625,46163.08203125
20260615,group_017,dpct高位机,1781511802_867553067.bin,928,1153,2.9491653442382812,0.018032073974609375,3.814697265625e-05,0.27829742431640625,0.1962432861328125,0.04000091552734375,15,/mnt/ssd/Huawei/20260615/data_collection/group_017/dpct高位机/Bin/frames_index.npz,/mnt/ssd/Huawei/20260615/data_collection/group_017/dpct高位机/Bin/frames.binpack,1336.0311279296875,28928.306640625,46338.12109375
20260615,group_017,dpct高位机,1781511802_967580411.bin,929,1153,2.7094764709472656,0.018032073974609375,3.814697265625e-05,0.255767822265625,0.18011474609375,0.03728485107421875,15,/mnt/ssd/Huawei/20260615/data_collection/group_017/dpct高位机/Bin/frames_index.npz,/mnt/ssd/Huawei/20260615/data_collection/group_017/dpct高位机/Bin/frames.binpack,1192.21875,27702.974609375,46160.265625
20260615,group_017,dpct高位机,1781511803_078532465.bin,930,1153,2.837200164794922,0.018032073974609375,3.814697265625e-05,0.26734161376953125,0.18933486938476562,0.038150787353515625,15,/mnt/ssd/Huawei/20260615/data_collection/group_017/dpct高位机/Bin/frames_index.npz,/mnt/ssd/Huawei/20260615/data_collection/group_017/dpct高位机/Bin/frames.binpack,1294.7017822265625,28850.90234375,46338.12109375
20260615,group_017,dpct高位机,1781511803_173394724.bin,931,1153,0.8437767028808594,0.018032073974609375,3.814697265625e-05,0.0792388916015625,0.05553436279296875,0.011653900146484375,15,/mnt/ssd/Huawei/20260615/data_collection/group_017/dpct高位机/Bin/frames_index.npz,/mnt/ssd/Huawei/20260615/data_collection/group_017/dpct高位机/Bin/frames.binpack,342.8949279785156,14691.3310546875,46340.94921875
20260615,group_018,dpct高位机,1781511874_811048388.bin,67,968,2.4775962829589844,0.01798248291015625,3.4332275390625e-05,0.2325286865234375,0.16475296020507812,0.033123016357421875,15,/mnt/ssd/Huawei/20260615/data_collection/group_018/dpct高位机/Bin/frames_index.npz,/mnt/ssd/Huawei/20260615/data_collection/group_018/dpct高位机/Bin/frames.binpack,1146.8232421875,27600.1953125,46295.7109375
20260615,group_018,dpct高位机,1781511874_911766514.bin,68,968,2.8330917358398438,0.01798248291015625,3.4332275390625e-05,0.26653289794921875,0.18852996826171875,0.03939056396484375,15,/mnt/ssd/Huawei/20260615/data_collection/group_018/dpct高位机/Bin/frames_index.npz,/mnt/ssd/Huawei/20260615/data_collection/group_018/dpct高位机/Bin/frames.binpack,1273.815673828125,28451.16015625,46335.29296875
20260615,group_018,dpct高位机,1781511875_218264241.bin,69,968,2.7076568603515625,0.01798248291015625,3.4332275390625e-05,0.2556800842285156,0.18012619018554688,0.035617828369140625,15,/mnt/ssd/Huawei/20260615/data_collection/group_018/dpct高位机/Bin/frames_index.npz,/mnt/ssd/Huawei/20260615/data_collection/group_018/dpct高位机/Bin/frames.binpack,1217.6214599609375,27935.19921875,46329.63671875
20260615,group_018,dpct高位机,1781511875_419720176.bin,70,968,2.831005096435547,0.01798248291015625,3.4332275390625e-05,0.2695579528808594,0.18863296508789062,0.0382537841796875,15,/mnt/ssd/Huawei/20260615/data_collection/group_018/dpct高位机/Bin/frames_index.npz,/mnt/ssd/Huawei/20260615/data_collection/group_018/dpct高位机/Bin/frames.binpack,1192.926025390625,27500.673828125,46298.54296875
20260615,group_018,dpct高位机,1781511875_519694352.bin,71,968,2.9551239013671875,0.01798248291015625,3.4332275390625e-05,0.2789459228515625,0.19680404663085938,0.04046630859375,15,/mnt/ssd/Huawei/20260615/data_collection/group_018/dpct高位机/Bin/frames_index.npz,/mnt/ssd/Huawei/20260615/data_collection/group_018/dpct高位机/Bin/frames.binpack,1338.84326171875,28957.4375,46295.7109375
20260615,group_018,dpct高位机,1781511875_720774376.bin,72,968,2.705455780029297,0.01798248291015625,3.4332275390625e-05,0.25531768798828125,0.17939376831054688,0.03737640380859375,15,/mnt/ssd/Huawei/20260615/data_collection/group_018/dpct高位机/Bin/frames_index.npz,/mnt/ssd/Huawei/20260615/data_collection/group_018/dpct高位机/Bin/frames.binpack,1195.1846923828125,27546.234375,46338.12109375
20260615,group_018,dpct高位机,1781511875_819704565.bin,73,968,0.6051673889160156,0.01798248291015625,3.4332275390625e-05,0.05567169189453125,0.039302825927734375,0.007572174072265625,15,/mnt/ssd/Huawei/20260615/data_collection/group_018/dpct高位机/Bin/frames_index.npz,/mnt/ssd/Huawei/20260615/data_collection/group_018/dpct高位机/Bin/frames.binpack,281.5994567871094,10363.1201171875,45976.08203125
20260615,group_018,dpct高位机,1781511947_504195199.bin,764,968,2.946746826171875,0.01798248291015625,3.4332275390625e-05,0.27906036376953125,0.19603347778320312,0.0395965576171875,15,/mnt/ssd/Huawei/20260615/data_collection/group_018/dpct高位机/Bin/frames_index.npz,/mnt/ssd/Huawei/20260615/data_collection/group_018/dpct高位机/Bin/frames.binpack,1305.8106689453125,28690.6953125,46261.75390625
20260615,group_018,dpct高位机,1781511948_318763043.bin,765,968,2.817108154296875,0.01798248291015625,3.4332275390625e-05,0.2673492431640625,0.18712615966796875,0.038787841796875,15,/mnt/ssd/Huawei/20260615/data_collection/group_018/dpct高位机/Bin/frames_index.npz,/mnt/ssd/Huawei/20260615/data_collection/group_018/dpct高位机/Bin/frames.binpack,1214.195556640625,27955.89453125,46292.8828125
20260615,group_018,dpct高位机,1781511953_814852993.bin,775,968,2.939178466796875,0.01798248291015625,3.4332275390625e-05,0.27721405029296875,0.19542694091796875,0.040493011474609375,15,/mnt/ssd/Huawei/20260615/data_collection/group_018/dpct高位机/Bin/frames_index.npz,/mnt/ssd/Huawei/20260615/data_collection/group_018/dpct高位机/Bin/frames.binpack,1339.35205078125,29003.16015625,46340.94921875
20260615,group_018,dpct高位机,1781511954_025105703.bin,776,968,2.706310272216797,0.01798248291015625,3.4332275390625e-05,0.2534637451171875,0.17939376831054688,0.039703369140625,15,/mnt/ssd/Huawei/20260615/data_collection/group_018/dpct高位机/Bin/frames_index.npz,/mnt/ssd/Huawei/20260615/data_collection/group_018/dpct高位机/Bin/frames.binpack,1253.4473876953125,28456.064453125,46295.7109375
20260615,group_018,dpct高位机,1781511954_218769534.bin,777,968,2.82177734375,0.01798248291015625,3.4332275390625e-05,0.2653160095214844,0.18768310546875,0.038341522216796875,15,/mnt/ssd/Huawei/20260615/data_collection/group_018/dpct高位机/Bin/frames_index.npz,/mnt/ssd/Huawei/20260615/data_collection/group_018/dpct高位机/Bin/frames.binpack,1309.566162109375,28998.0234375,46340.94921875
20260615,group_018,dpct高位机,1781511954_418790519.bin,778,968,2.8305130004882812,0.01798248291015625,3.4332275390625e-05,0.2676734924316406,0.18864822387695312,0.04039764404296875,15,/mnt/ssd/Huawei/20260615/data_collection/group_018/dpct高位机/Bin/frames_index.npz,/mnt/ssd/Huawei/20260615/data_collection/group_018/dpct高位机/Bin/frames.binpack,1242.6617431640625,28167.958984375,46292.8828125
20260615,group_018,dpct高位机,1781511954_620261549.bin,779,968,2.9382972717285156,0.01798248291015625,3.4332275390625e-05,0.27515411376953125,0.1956024169921875,0.04141998291015625,15,/mnt/ssd/Huawei/20260615/data_collection/group_018/dpct高位机/Bin/frames_index.npz,/mnt/ssd/Huawei/20260615/data_collection/group_018/dpct高位机/Bin/frames.binpack,1367.7119140625,29315.07421875,46338.12109375
20260615,group_018,dpct高位机,1781511954_818793863.bin,780,968,2.7117881774902344,0.01798248291015625,3.4332275390625e-05,0.25429534912109375,0.180023193359375,0.0391998291015625,15,/mnt/ssd/Huawei/20260615/data_collection/group_018/dpct高位机/Bin/frames_index.npz,/mnt/ssd/Huawei/20260615/data_collection/group_018/dpct高位机/Bin/frames.binpack,1242.3817138671875,28331.0390625,46157.46875
20260615,group_018,dpct高位机,1781511955_018789216.bin,781,968,2.81951904296875,0.01798248291015625,3.4332275390625e-05,0.2644500732421875,0.18762588500976562,0.038787841796875,15,/mnt/ssd/Huawei/20260615/data_collection/group_018/dpct高位机/Bin/frames_index.npz,/mnt/ssd/Huawei/20260615/data_collection/group_018/dpct高位机/Bin/frames.binpack,1316.2945556640625,29124.642578125,46292.8828125
20260615,group_018,dpct高位机,1781511955_220176215.bin,782,968,2.8193397521972656,0.01798248291015625,3.4332275390625e-05,0.2665367126464844,0.18780517578125,0.040019989013671875,15,/mnt/ssd/Huawei/20260615/data_collection/group_018/dpct高位机/Bin/frames_index.npz,/mnt/ssd/Huawei/20260615/data_collection/group_018/dpct高位机/Bin/frames.binpack,1237.0941162109375,28381.451171875,46295.7109375
20260615,group_018,dpct高位机,1781511955_318773352.bin,783,968,2.945812225341797,0.01798248291015625,3.4332275390625e-05,0.2747955322265625,0.19586181640625,0.042675018310546875,15,/mnt/ssd/Huawei/20260615/data_collection/group_018/dpct高位机/Bin/frames_index.npz,/mnt/ssd/Huawei/20260615/data_collection/group_018/dpct高位机/Bin/frames.binpack,1390.0172119140625,29461.685546875,46332.46484375
20260615,group_018,dpct高位机,1781511956_805440683.bin,789,968,2.581012725830078,0.01798248291015625,3.4332275390625e-05,0.24148178100585938,0.17136001586914062,0.03635406494140625,15,/mnt/ssd/Huawei/20260615/data_collection/group_018/dpct高位机/Bin/frames_index.npz,/mnt/ssd/Huawei/20260615/data_collection/group_018/dpct高位机/Bin/frames.binpack,1209.158203125,28390.4609375,46287.21875
20260615,group_018,dpct高位机,1781511957_116385591.bin,790,968,2.8280563354492188,0.01798248291015625,3.4332275390625e-05,0.26383209228515625,0.18768692016601562,0.04097747802734375,15,/mnt/ssd/Huawei/20260615/data_collection/group_018/dpct高位机/Bin/frames_index.npz,/mnt/ssd/Huawei/20260615/data_collection/group_018/dpct高位机/Bin/frames.binpack,1332.6282958984375,28983.787109375,46338.12109375
20260615,group_018,dpct高位机,1781511957_317943222.bin,791,968,2.8182144165039062,0.01798248291015625,3.4332275390625e-05,0.2645225524902344,0.18738174438476562,0.03924560546875,15,/mnt/ssd/Huawei/20260615/data_collection/group_018/dpct高位机/Bin/frames_index.npz,/mnt/ssd/Huawei/20260615/data_collection/group_018/dpct高位机/Bin/frames.binpack,1314.4696044921875,29103.146484375,46338.12109375
20260615,group_018,dpct高位机,1781511957_576090675.bin,792,968,2.703460693359375,0.01798248291015625,3.4332275390625e-05,0.2569580078125,0.17969512939453125,0.037288665771484375,15,/mnt/ssd/Huawei/20260615/data_collection/group_018/dpct高位机/Bin/frames_index.npz,/mnt/ssd/Huawei/20260615/data_collection/group_018/dpct高位机/Bin/frames.binpack,1144.34716796875,27229.939453125,46298.54296875
20260615,group_018,dpct高位机,1781511965_117486055.bin,810,968,2.826770782470703,0.01798248291015625,3.4332275390625e-05,0.2685089111328125,0.18817901611328125,0.039089202880859375,15,/mnt/ssd/Huawei/20260615/data_collection/group_018/dpct高位机/Bin/frames_index.npz,/mnt/ssd/Huawei/20260615/data_collection/group_018/dpct高位机/Bin/frames.binpack,1219.8372802734375,27828.779296875,45803.90625
20260615,group_018,dpct高位机,1781511965_317560060.bin,811,968,2.9490737915039062,0.01798248291015625,3.4332275390625e-05,0.2773170471191406,0.19607925415039062,0.04128265380859375,15,/mnt/ssd/Huawei/20260615/data_collection/group_018/dpct高位机/Bin/frames_index.npz,/mnt/ssd/Huawei/20260615/data_collection/group_018/dpct高位机/Bin/frames.binpack,1362.7913818359375,29319.1484375,45995.8828125
20260615,group_018,dpct高位机,1781511965_517582128.bin,812,968,2.723358154296875,0.01798248291015625,3.4332275390625e-05,0.256317138671875,0.1815032958984375,0.0378875732421875,15,/mnt/ssd/Huawei/20260615/data_collection/group_018/dpct高位机/Bin/frames_index.npz,/mnt/ssd/Huawei/20260615/data_collection/group_018/dpct高位机/Bin/frames.binpack,1217.9228515625,28132.8984375,46247.61328125
20260615,group_018,dpct高位机,1781511965_717556355.bin,813,968,2.8281936645507812,0.01798248291015625,3.4332275390625e-05,0.2667808532714844,0.188232421875,0.038387298583984375,15,/mnt/ssd/Huawei/20260615/data_collection/group_018/dpct高位机/Bin/frames_index.npz,/mnt/ssd/Huawei/20260615/data_collection/group_018/dpct高位机/Bin/frames.binpack,1298.727783203125,28947.857421875,46338.12109375
20260615,group_018,dpct高位机,1781511965_917818076.bin,814,968,2.8311920166015625,0.01798248291015625,3.4332275390625e-05,0.2684783935546875,0.1880340576171875,0.039760589599609375,15,/mnt/ssd/Huawei/20260615/data_collection/group_018/dpct高位机/Bin/frames_index.npz,/mnt/ssd/Huawei/20260615/data_collection/group_018/dpct高位机/Bin/frames.binpack,1228.6519775390625,27945.443359375,46338.12109375
20260615,group_018,dpct高位机,1781511966_182201076.bin,815,968,2.95849609375,0.01798248291015625,3.4332275390625e-05,0.27771759033203125,0.19704818725585938,0.04154205322265625,15,/mnt/ssd/Huawei/20260615/data_collection/group_018/dpct高位机/Bin/frames_index.npz,/mnt/ssd/Huawei/20260615/data_collection/group_018/dpct高位机/Bin/frames.binpack,1370.247314453125,29547.306640625,46329.63671875
20260615,group_018,dpct高位机,1781511966_488971727.bin,816,968,2.7048873901367188,0.01798248291015625,3.4332275390625e-05,0.2551422119140625,0.17977142333984375,0.03705596923828125,15,/mnt/ssd/Huawei/20260615/data_collection/group_018/dpct高位机/Bin/frames_index.npz,/mnt/ssd/Huawei/20260615/data_collection/group_018/dpct高位机/Bin/frames.binpack,1241.7303466796875,28468.083984375,46338.12109375
20260615,group_018,dpct高位机,1781511967_197433147.bin,821,968,2.582996368408203,0.01798248291015625,3.4332275390625e-05,0.24406051635742188,0.17138290405273438,0.035762786865234375,15,/mnt/ssd/Huawei/20260615/data_collection/group_018/dpct高位机/Bin/frames_index.npz,/mnt/ssd/Huawei/20260615/data_collection/group_018/dpct高位机/Bin/frames.binpack,1137.8907470703125,27218.33984375,45981.73828125
20260615,group_018,dpct高位机,1781511967_296550245.bin,822,968,2.830310821533203,0.01798248291015625,3.4332275390625e-05,0.26636505126953125,0.188629150390625,0.038959503173828125,15,/mnt/ssd/Huawei/20260615/data_collection/group_018/dpct高位机/Bin/frames_index.npz,/mnt/ssd/Huawei/20260615/data_collection/group_018/dpct高位机/Bin/frames.binpack,1278.5863037109375,28633.736328125,45970.4296875
20260615,group_018,dpct高位机,1781511967_396586338.bin,823,968,2.8360671997070312,0.01798248291015625,3.4332275390625e-05,0.2669525146484375,0.18914031982421875,0.039653778076171875,15,/mnt/ssd/Huawei/20260615/data_collection/group_018/dpct高位机/Bin/frames_index.npz,/mnt/ssd/Huawei/20260615/data_collection/group_018/dpct高位机/Bin/frames.binpack,1288.068115234375,28787.267578125,46298.54296875
20260615,group_018,dpct高位机,1781511967_497183658.bin,824,968,2.821990966796875,0.01798248291015625,3.4332275390625e-05,0.2657928466796875,0.18744277954101562,0.039554595947265625,15,/mnt/ssd/Huawei/20260615/data_collection/group_018/dpct高位机/Bin/frames_index.npz,/mnt/ssd/Huawei/20260615/data_collection/group_018/dpct高位机/Bin/frames.binpack,1282.7294921875,28889.712890625,46295.7109375
20260615,group_018,dpct高位机,1781511967_600169412.bin,825,968,2.826263427734375,0.01798248291015625,3.4332275390625e-05,0.2664680480957031,0.18793869018554688,0.039463043212890625,15,/mnt/ssd/Huawei/20260615/data_collection/group_018/dpct高位机/Bin/frames_index.npz,/mnt/ssd/Huawei/20260615/data_collection/group_018/dpct高位机/Bin/frames.binpack,1276.6329345703125,28577.36328125,45806.72265625
20260615,group_018,dpct高位机,1781511967_699605140.bin,826,968,2.9389381408691406,0.01798248291015625,3.4332275390625e-05,0.2780952453613281,0.1952972412109375,0.0406646728515625,15,/mnt/ssd/Huawei/20260615/data_collection/group_018/dpct高位机/Bin/frames_index.npz,/mnt/ssd/Huawei/20260615/data_collection/group_018/dpct高位机/Bin/frames.binpack,1295.2490234375,28599.123046875,46338.12109375
20260615,group_018,dpct高位机,1781511967_800125211.bin,827,968,2.9406280517578125,0.01798248291015625,3.4332275390625e-05,0.27800750732421875,0.19593048095703125,0.0406036376953125,15,/mnt/ssd/Huawei/20260615/data_collection/group_018/dpct高位机/Bin/frames_index.npz,/mnt/ssd/Huawei/20260615/data_collection/group_018/dpct高位机/Bin/frames.binpack,1285.415771484375,28453.498046875,46332.46484375
20260615,group_018,dpct高位机,1781511967_900116567.bin,828,968,0.3736915588378906,0.01798248291015625,3.4332275390625e-05,0.033634185791015625,0.02392578125,0.005100250244140625,15,/mnt/ssd/Huawei/20260615/data_collection/group_018/dpct高位机/Bin/frames_index.npz,/mnt/ssd/Huawei/20260615/data_collection/group_018/dpct高位机/Bin/frames.binpack,163.4342041015625,3329.865234375,45622.6171875
20260615,group_018,dpct高位机,1781511968_001216170.bin,829,968,2.4813385009765625,0.01798248291015625,3.4332275390625e-05,0.2333221435546875,0.16527175903320312,0.033473968505859375,15,/mnt/ssd/Huawei/20260615/data_collection/group_018/dpct高位机/Bin/frames_index.npz,/mnt/ssd/Huawei/20260615/data_collection/group_018/dpct高位机/Bin/frames.binpack,1146.031005859375,27642.576171875,46163.1015625
20260615,group_018,dpct高位机,1781511968_101317801.bin,830,968,2.8251724243164062,0.01798248291015625,3.4332275390625e-05,0.26763916015625,0.1881561279296875,0.0390625,15,/mnt/ssd/Huawei/20260615/data_collection/group_018/dpct高位机/Bin/frames_index.npz,/mnt/ssd/Huawei/20260615/data_collection/group_018/dpct高位机/Bin/frames.binpack,1220.0843505859375,27817.701171875,46340.94921875
20260615,group_018,dpct高位机,1781511968_201116642.bin,831,968,2.9456405639648438,0.01798248291015625,3.4332275390625e-05,0.2756538391113281,0.1961822509765625,0.04149627685546875,15,/mnt/ssd/Huawei/20260615/data_collection/group_018/dpct高位机/Bin/frames_index.npz,/mnt/ssd/Huawei/20260615/data_collection/group_018/dpct高位机/Bin/frames.binpack,1364.956298828125,29115.115234375,46292.8828125
20260615,group_018,dpct高位机,1781511968_301313540.bin,832,968,2.7108306884765625,0.01798248291015625,3.4332275390625e-05,0.2549781799316406,0.18026351928710938,0.03795623779296875,15,/mnt/ssd/Huawei/20260615/data_collection/group_018/dpct高位机/Bin/frames_index.npz,/mnt/ssd/Huawei/20260615/data_collection/group_018/dpct高位机/Bin/frames.binpack,1230.43017578125,28422.44921875,46338.12109375
20260615,group_018,dpct高位机,1781511968_401217407.bin,833,968,2.8343467712402344,0.01798248291015625,3.4332275390625e-05,0.2671852111816406,0.1883544921875,0.038761138916015625,15,/mnt/ssd/Huawei/20260615/data_collection/group_018/dpct高位机/Bin/frames_index.npz,/mnt/ssd/Huawei/20260615/data_collection/group_018/dpct高位机/Bin/frames.binpack,1302.9619140625,28965.1953125,45977.53125
20260615,group_019,dpct高位机,1781512043_223033251.bin,0,1150,2.829456329345703,0.0179901123046875,4.9591064453125e-05,0.265899658203125,0.1879425048828125,0.039154052734375,15,/mnt/ssd/Huawei/20260615/data_collection/group_019/dpct高位机/Bin/frames_index.npz,/mnt/ssd/Huawei/20260615/data_collection/group_019/dpct高位机/Bin/frames.binpack,1318.4345703125,29110.08203125,46335.29296875
20260615,group_019,dpct高位机,1781512043_314446334.bin,1,1150,2.8194923400878906,0.0179901123046875,4.9591064453125e-05,0.26715087890625,0.18756866455078125,0.0391387939453125,15,/mnt/ssd/Huawei/20260615/data_collection/group_019/dpct高位机/Bin/frames_index.npz,/mnt/ssd/Huawei/20260615/data_collection/group_019/dpct高位机/Bin/frames.binpack,1216.1473388671875,27890.359375,46338.12109375
20260615,group_019,dpct高位机,1781512043_414394351.bin,2,1150,2.9446067810058594,0.0179901123046875,4.9591064453125e-05,0.2762260437011719,0.19527435302734375,0.041748046875,15,/mnt/ssd/Huawei/20260615/data_collection/group_019/dpct高位机/Bin/frames_index.npz,/mnt/ssd/Huawei/20260615/data_collection/group_019/dpct高位机/Bin/frames.binpack,1372.619384765625,29362.927734375,46338.12109375
20260615,group_019,dpct高位机,1781512043_514733129.bin,3,1150,2.7094802856445312,0.0179901123046875,4.9591064453125e-05,0.25433349609375,0.17973709106445312,0.0384063720703125,15,/mnt/ssd/Huawei/20260615/data_collection/group_019/dpct高位机/Bin/frames_index.npz,/mnt/ssd/Huawei/20260615/data_collection/group_019/dpct高位机/Bin/frames.binpack,1220.935302734375,27949.759765625,45995.890625
20260615,group_019,dpct高位机,1781512043_614492246.bin,4,1150,2.8331336975097656,0.0179901123046875,4.9591064453125e-05,0.2661018371582031,0.18856048583984375,0.0390167236328125,15,/mnt/ssd/Huawei/20260615/data_collection/group_019/dpct高位机/Bin/frames_index.npz,/mnt/ssd/Huawei/20260615/data_collection/group_019/dpct高位机/Bin/frames.binpack,1324.030029296875,29380.509765625,46335.29296875
20260615,group_019,dpct高位机,1781512043_714543049.bin,5,1150,2.8263931274414062,0.0179901123046875,4.9591064453125e-05,0.267822265625,0.1878662109375,0.04000091552734375,15,/mnt/ssd/Huawei/20260615/data_collection/group_019/dpct高位机/Bin/frames_index.npz,/mnt/ssd/Huawei/20260615/data_collection/group_019/dpct高位机/Bin/frames.binpack,1231.9305419921875,27947.505859375,45980.3359375
20260615,group_019,dpct高位机,1781512043_814501466.bin,6,1150,2.94183349609375,0.0179901123046875,4.9591064453125e-05,0.27635955810546875,0.19553375244140625,0.041790008544921875,15,/mnt/ssd/Huawei/20260615/data_collection/group_019/dpct高位机/Bin/frames_index.npz,/mnt/ssd/Huawei/20260615/data_collection/group_019/dpct高位机/Bin/frames.binpack,1358.9268798828125,29121.14453125,46148.94921875
20260615,group_019,dpct高位机,1781512043_915665989.bin,7,1150,2.7096023559570312,0.0179901123046875,4.9591064453125e-05,0.2543067932128906,0.179473876953125,0.03891754150390625,15,/mnt/ssd/Huawei/20260615/data_collection/group_019/dpct高位机/Bin/frames_index.npz,/mnt/ssd/Huawei/20260615/data_collection/group_019/dpct高位机/Bin/frames.binpack,1233.78466796875,28422.693359375,46332.46484375
20260615,group_019,dpct高位机,1781512044_014508575.bin,8,1150,2.8254661560058594,0.0179901123046875,4.9591064453125e-05,0.2658195495605469,0.1879730224609375,0.038654327392578125,15,/mnt/ssd/Huawei/20260615/data_collection/group_019/dpct高位机/Bin/frames_index.npz,/mnt/ssd/Huawei/20260615/data_collection/group_019/dpct高位机/Bin/frames.binpack,1308.9677734375,29043.53125,46335.29296875
20260615,group_019,dpct高位机,1781512044_114601940.bin,9,1150,2.2350845336914062,0.0179901123046875,4.9591064453125e-05,0.21071624755859375,0.14820098876953125,0.031467437744140625,15,/mnt/ssd/Huawei/20260615/data_collection/group_019/dpct高位机/Bin/frames_index.npz,/mnt/ssd/Huawei/20260615/data_collection/group_019/dpct高位机/Bin/frames.binpack,985.3248901367188,25430.3984375,46340.94921875
20260615,group_019,dpct高位机,1781512062_400441581.bin,156,1150,2.4732513427734375,0.0179901123046875,4.9591064453125e-05,0.23291015625,0.16439437866210938,0.03444671630859375,15,/mnt/ssd/Huawei/20260615/data_collection/group_019/dpct高位机/Bin/frames_index.npz,/mnt/ssd/Huawei/20260615/data_collection/group_019/dpct高位机/Bin/frames.binpack,1111.0941162109375,27112.150390625,46100.8984375
20260615,group_019,dpct高位机,1781512062_503640536.bin,157,1150,2.8286514282226562,0.0179901123046875,4.9591064453125e-05,0.266571044921875,0.18832015991210938,0.038787841796875,15,/mnt/ssd/Huawei/20260615/data_collection/group_019/dpct高位机/Bin/frames_index.npz,/mnt/ssd/Huawei/20260615/data_collection/group_019/dpct高位机/Bin/frames.binpack,1311.6273193359375,29127.513671875,46292.8828125
20260615,group_019,dpct高位机,1781512062_608679146.bin,158,1150,2.825824737548828,0.0179901123046875,4.9591064453125e-05,0.26755523681640625,0.18785476684570312,0.03955078125,15,/mnt/ssd/Huawei/20260615/data_collection/group_019/dpct高位机/Bin/frames_index.npz,/mnt/ssd/Huawei/20260615/data_collection/group_019/dpct高位机/Bin/frames.binpack,1231.7613525390625,27917.623046875,46338.12109375
20260615,group_019,dpct高位机,1781512062_708382026.bin,159,1150,2.8290061950683594,0.0179901123046875,4.9591064453125e-05,0.2664794921875,0.18763351440429688,0.038959503173828125,15,/mnt/ssd/Huawei/20260615/data_collection/group_019/dpct高位机/Bin/frames_index.npz,/mnt/ssd/Huawei/20260615/data_collection/group_019/dpct高位机/Bin/frames.binpack,1316.4549560546875,29116.125,46340.94921875
20260615,group_019,dpct高位机,1781512062_808326702.bin,160,1150,2.8229103088378906,0.0179901123046875,4.9591064453125e-05,0.2679481506347656,0.1873626708984375,0.03955078125,15,/mnt/ssd/Huawei/20260615/data_collection/group_019/dpct高位机/Bin/frames_index.npz,/mnt/ssd/Huawei/20260615/data_collection/group_019/dpct高位机/Bin/frames.binpack,1232.536865234375,28153.181640625,46278.73046875
20260615,group_019,dpct高位机,1781512062_908356373.bin,161,1150,2.9443626403808594,0.0179901123046875,4.9591064453125e-05,0.2759132385253906,0.1953125,0.042354583740234375,15,/mnt/ssd/Huawei/20260615/data_collection/group_019/dpct高位机/Bin/frames_index.npz,/mnt/ssd/Huawei/20260615/data_collection/group_019/dpct高位机/Bin/frames.binpack,1380.05615234375,29445.662109375,46335.29296875
20260615,group_019,dpct高位机,1781512063_008420572.bin,162,1150,2.717670440673828,0.0179901123046875,4.9591064453125e-05,0.25519561767578125,0.18015670776367188,0.038799285888671875,15,/mnt/ssd/Huawei/20260615/data_collection/group_019/dpct高位机/Bin/frames_index.npz,/mnt/ssd/Huawei/20260615/data_collection/group_019/dpct高位机/Bin/frames.binpack,1242.5439453125,28117.18359375,45983.14453125
20260615,group_019,dpct高位机,1781512063_108779179.bin,163,1150,2.833599090576172,0.0179901123046875,4.9591064453125e-05,0.26612091064453125,0.18825149536132812,0.039501190185546875,15,/mnt/ssd/Huawei/20260615/data_collection/group_019/dpct高位机/Bin/frames_index.npz,/mnt/ssd/Huawei/20260615/data_collection/group_019/dpct高位机/Bin/frames.binpack,1287.674072265625,28747.283203125,46338.12109375
20260615,group_019,dpct高位机,1781512063_208442250.bin,164,1150,2.835674285888672,0.0179901123046875,4.9591064453125e-05,0.269134521484375,0.18835067749023438,0.040187835693359375,15,/mnt/ssd/Huawei/20260615/data_collection/group_019/dpct高位机/Bin/frames_index.npz,/mnt/ssd/Huawei/20260615/data_collection/group_019/dpct高位机/Bin/frames.binpack,1239.6435546875,28291.548828125,46338.12109375
20260615,group_019,dpct高位机,1781512063_308461426.bin,165,1150,2.942760467529297,0.0179901123046875,4.9591064453125e-05,0.276519775390625,0.19564056396484375,0.0415191650390625,15,/mnt/ssd/Huawei/20260615/data_collection/group_019/dpct高位机/Bin/frames_index.npz,/mnt/ssd/Huawei/20260615/data_collection/group_019/dpct高位机/Bin/frames.binpack,1368.1981201171875,29329.373046875,46338.12109375
20260615,group_019,dpct高位机,1781512063_409364588.bin,166,1150,2.711322784423828,0.0179901123046875,4.9591064453125e-05,0.2549934387207031,0.1801300048828125,0.038799285888671875,15,/mnt/ssd/Huawei/20260615/data_collection/group_019/dpct高位机/Bin/frames_index.npz,/mnt/ssd/Huawei/20260615/data_collection/group_019/dpct高位机/Bin/frames.binpack,1234.6846923828125,28480.5625,46335.29296875
20260615,group_019,dpct高位机,1781512063_509591224.bin,167,1150,0.3736534118652344,0.0179901123046875,4.9591064453125e-05,0.033702850341796875,0.023914337158203125,0.00499725341796875,15,/mnt/ssd/Huawei/20260615/data_collection/group_019/dpct高位机/Bin/frames_index.npz,/mnt/ssd/Huawei/20260615/data_collection/group_019/dpct高位机/Bin/frames.binpack,165.01637268066406,3458.278564453125,45621.16015625
20260615,group_020,dpct高位机,1781512219_641073799.bin,141,1146,2.707599639892578,0.018001556396484375,7.62939453125e-05,0.256103515625,0.18052291870117188,0.0368194580078125,15,/mnt/ssd/Huawei/20260615/data_collection/group_020/dpct高位机/Bin/frames_index.npz,/mnt/ssd/Huawei/20260615/data_collection/group_020/dpct高位机/Bin/frames.binpack,1185.134765625,27648.037109375,46157.46875
20260615,group_020,dpct高位机,1781512219_742069709.bin,142,1146,2.7111968994140625,0.018001556396484375,7.62939453125e-05,0.2568016052246094,0.18018341064453125,0.036884307861328125,15,/mnt/ssd/Huawei/20260615/data_collection/group_020/dpct高位机/Bin/frames_index.npz,/mnt/ssd/Huawei/20260615/data_collection/group_020/dpct高位机/Bin/frames.binpack,1190.416748046875,27905.107421875,46340.94921875
20260615,group_020,dpct高位机,1781512219_841985018.bin,143,1146,2.9460411071777344,0.018001556396484375,7.62939453125e-05,0.2784690856933594,0.1956939697265625,0.041751861572265625,15,/mnt/ssd/Huawei/20260615/data_collection/group_020/dpct高位机/Bin/frames_index.npz,/mnt/ssd/Huawei/20260615/data_collection/group_020/dpct高位机/Bin/frames.binpack,1317.701904296875,28849.103515625,46340.94921875
20260615,group_020,dpct高位机,1781512219_941951752.bin,144,1146,2.8327713012695312,0.018001556396484375,7.62939453125e-05,0.265228271484375,0.1883697509765625,0.04067230224609375,15,/mnt/ssd/Huawei/20260615/data_collection/group_020/dpct高位机/Bin/frames_index.npz,/mnt/ssd/Huawei/20260615/data_collection/group_020/dpct高位机/Bin/frames.binpack,1318.0631103515625,28911.5859375,46338.12109375
20260615,group_020,dpct高位机,1781512220_042022808.bin,145,1146,2.7128219604492188,0.018001556396484375,7.62939453125e-05,0.2551689147949219,0.18033599853515625,0.036846160888671875,15,/mnt/ssd/Huawei/20260615/data_collection/group_020/dpct高位机/Bin/frames_index.npz,/mnt/ssd/Huawei/20260615/data_collection/group_020/dpct高位机/Bin/frames.binpack,1250.986328125,28743.109375,46335.29296875
20260615,group_020,dpct高位机,1781512220_145782718.bin,146,1146,2.827098846435547,0.018001556396484375,7.62939453125e-05,0.2670783996582031,0.18802261352539062,0.038974761962890625,15,/mnt/ssd/Huawei/20260615/data_collection/group_020/dpct高位机/Bin/frames_index.npz,/mnt/ssd/Huawei/20260615/data_collection/group_020/dpct高位机/Bin/frames.binpack,1270.732421875,28686.04296875,46165.921875
20260615,group_020,dpct高位机,1781512220_248028512.bin,147,1146,2.8336143493652344,0.018001556396484375,7.62939453125e-05,0.26507568359375,0.18841552734375,0.0406341552734375,15,/mnt/ssd/Huawei/20260615/data_collection/group_020/dpct高位机/Bin/frames_index.npz,/mnt/ssd/Huawei/20260615/data_collection/group_020/dpct高位机/Bin/frames.binpack,1317.751220703125,29123.19921875,46335.29296875
20260615,group_020,dpct高位机,1781512220_349781560.bin,148,1146,2.7139358520507812,0.018001556396484375,7.62939453125e-05,0.2544136047363281,0.180419921875,0.038135528564453125,15,/mnt/ssd/Huawei/20260615/data_collection/group_020/dpct高位机/Bin/frames_index.npz,/mnt/ssd/Huawei/20260615/data_collection/group_020/dpct高位机/Bin/frames.binpack,1260.67822265625,28835.375,46335.29296875
20260615,group_020,dpct高位机,1781512220_450660764.bin,149,1146,2.831867218017578,0.018001556396484375,7.62939453125e-05,0.26639556884765625,0.18885040283203125,0.039310455322265625,15,/mnt/ssd/Huawei/20260615/data_collection/group_020/dpct高位机/Bin/frames_index.npz,/mnt/ssd/Huawei/20260615/data_collection/group_020/dpct高位机/Bin/frames.binpack,1277.9754638671875,28679.6484375,46338.12109375
20260615,group_020,dpct高位机,1781512220_551923016.bin,150,1146,2.8276519775390625,0.018001556396484375,7.62939453125e-05,0.2666168212890625,0.18779754638671875,0.039531707763671875,15,/mnt/ssd/Huawei/20260615/data_collection/group_020/dpct高位机/Bin/frames_index.npz,/mnt/ssd/Huawei/20260615/data_collection/group_020/dpct高位机/Bin/frames.binpack,1273.150634765625,28646.6796875,46332.46484375
20260615,group_020,dpct高位机,1781512220_655813616.bin,151,1146,2.9484214782714844,0.018001556396484375,7.62939453125e-05,0.2774009704589844,0.1963653564453125,0.040927886962890625,15,/mnt/ssd/Huawei/20260615/data_collection/group_020/dpct高位机/Bin/frames_index.npz,/mnt/ssd/Huawei/20260615/data_collection/group_020/dpct高位机/Bin/frames.binpack,1348.4122314453125,29145.21875,45632.33984375
20260615,group_020,dpct高位机,1781512220_755867073.bin,152,1146,0.3731422424316406,0.018001556396484375,7.62939453125e-05,0.033535003662109375,0.023845672607421875,0.0051116943359375,15,/mnt/ssd/Huawei/20260615/data_collection/group_020/dpct高位机/Bin/frames_index.npz,/mnt/ssd/Huawei/20260615/data_collection/group_020/dpct高位机/Bin/frames.binpack,162.94482421875,3314.568115234375,46165.8984375
20260615,group_020,dpct高位机,1781512285_428151483.bin,785,1146,2.3573036193847656,0.018001556396484375,7.62939453125e-05,0.222930908203125,0.15624237060546875,0.033172607421875,15,/mnt/ssd/Huawei/20260615/data_collection/group_020/dpct高位机/Bin/frames_index.npz,/mnt/ssd/Huawei/20260615/data_collection/group_020/dpct高位机/Bin/frames.binpack,1042.1246337890625,26102.654296875,46295.7109375
20260615,group_020,dpct高位机,1781512285_527335365.bin,786,1146,5.153125762939453,0.018001556396484375,7.62939453125e-05,0.48575592041015625,0.343719482421875,0.07284164428710938,15,/mnt/ssd/Huawei/20260615/data_collection/group_020/dpct高位机/Bin/frames_index.npz,/mnt/ssd/Huawei/20260615/data_collection/group_020/dpct高位机/Bin/frames.binpack,2344.805908203125,32775.2890625,46332.46484375
20260615,group_020,dpct高位机,1781512285_627406915.bin,787,1146,4.58343505859375,0.018001556396484375,7.62939453125e-05,0.4318504333496094,0.3056602478027344,0.06554031372070312,15,/mnt/ssd/Huawei/20260615/data_collection/group_020/dpct高位机/Bin/frames_index.npz,/mnt/ssd/Huawei/20260615/data_collection/group_020/dpct高位机/Bin/frames.binpack,2105.023681640625,32314.931640625,46298.54296875
20260615,group_020,dpct高位机,1781512285_732533304.bin,788,1146,2.828338623046875,0.018001556396484375,7.62939453125e-05,0.2662315368652344,0.1878204345703125,0.04006195068359375,15,/mnt/ssd/Huawei/20260615/data_collection/group_020/dpct高位机/Bin/frames_index.npz,/mnt/ssd/Huawei/20260615/data_collection/group_020/dpct高位机/Bin/frames.binpack,1293.27197265625,28934.890625,46338.12109375
20260615,group_020,dpct高位机,1781512285_844277927.bin,789,1146,2.8192901611328125,0.018001556396484375,7.62939453125e-05,0.2675819396972656,0.1873779296875,0.03855133056640625,15,/mnt/ssd/Huawei/20260615/data_collection/group_020/dpct高位机/Bin/frames_index.npz,/mnt/ssd/Huawei/20260615/data_collection/group_020/dpct高位机/Bin/frames.binpack,1202.618408203125,27556.0859375,46332.46484375
20260615,group_020,dpct高位机,1781512285_944174081.bin,790,1146,2.8245086669921875,0.018001556396484375,7.62939453125e-05,0.265655517578125,0.1878509521484375,0.039646148681640625,15,/mnt/ssd/Huawei/20260615/data_collection/group_020/dpct高位机/Bin/frames_index.npz,/mnt/ssd/Huawei/20260615/data_collection/group_020/dpct高位机/Bin/frames.binpack,1277.0311279296875,28744.9296875,46163.1015625
20260615,group_020,dpct高位机,1781512286_059358624.bin,791,1146,2.710742950439453,0.018001556396484375,7.62939453125e-05,0.2545280456542969,0.18041229248046875,0.03871917724609375,15,/mnt/ssd/Huawei/20260615/data_collection/group_020/dpct高位机/Bin/frames_index.npz,/mnt/ssd/Huawei/20260615/data_collection/group_020/dpct高位机/Bin/frames.binpack,1231.1353759765625,28469.115234375,46338.12109375
20260615,group_020,dpct高位机,1781512286_155796395.bin,792,1146,0.3713722229003906,0.018001556396484375,7.62939453125e-05,0.03353118896484375,0.023532867431640625,0.005084991455078125,15,/mnt/ssd/Huawei/20260615/data_collection/group_020/dpct高位机/Bin/frames_index.npz,/mnt/ssd/Huawei/20260615/data_collection/group_020/dpct高位机/Bin/frames.binpack,161.36708068847656,3240.652099609375,44895.31640625
20260615,group_021,dpct高位机,1781512431_223163304.bin,607,1115,2.589366912841797,0.0180511474609375,6.4849853515625e-05,0.2423553466796875,0.17229843139648438,0.0368804931640625,15,/mnt/ssd/Huawei/20260615/data_collection/group_021/dpct高位机/Bin/frames_index.npz,/mnt/ssd/Huawei/20260615/data_collection/group_021/dpct高位机/Bin/frames.binpack,1208.2843017578125,28403.68359375,46154.60546875
20260615,group_021,dpct高位机,1781512431_531962700.bin,608,1115,2.8336257934570312,0.0180511474609375,6.4849853515625e-05,0.26404571533203125,0.1879730224609375,0.04103851318359375,15,/mnt/ssd/Huawei/20260615/data_collection/group_021/dpct高位机/Bin/frames_index.npz,/mnt/ssd/Huawei/20260615/data_collection/group_021/dpct高位机/Bin/frames.binpack,1370.8154296875,29762.025390625,46338.12109375
20260615,group_021,dpct高位机,1781512431_632039358.bin,609,1115,2.8270187377929688,0.0180511474609375,6.4849853515625e-05,0.2664794921875,0.1876068115234375,0.041347503662109375,15,/mnt/ssd/Huawei/20260615/data_collection/group_021/dpct高位机/Bin/frames_index.npz,/mnt/ssd/Huawei/20260615/data_collection/group_021/dpct高位机/Bin/frames.binpack,1278.6444091796875,28862.912109375,46295.7109375
20260615,group_021,dpct高位机,1781512431_732216914.bin,610,1115,2.834930419921875,0.0180511474609375,6.4849853515625e-05,0.26505279541015625,0.18872833251953125,0.040248870849609375,15,/mnt/ssd/Huawei/20260615/data_collection/group_021/dpct高位机/Bin/frames_index.npz,/mnt/ssd/Huawei/20260615/data_collection/group_021/dpct高位机/Bin/frames.binpack,1350.7662353515625,29701.677734375,46295.7109375
20260615,group_021,dpct高位机,1781512431_832785328.bin,611,1115,0.3728904724121094,0.0180511474609375,6.4849853515625e-05,0.033588409423828125,0.023738861083984375,0.005054473876953125,15,/mnt/ssd/Huawei/20260615/data_collection/group_021/dpct高位机/Bin/frames_index.npz,/mnt/ssd/Huawei/20260615/data_collection/group_021/dpct高位机/Bin/frames.binpack,163.856201171875,3462.599365234375,45798.31640625
20260615,group_021,dpct高位机,1781512431_932768959.bin,612,1115,2.5964698791503906,0.0180511474609375,6.4849853515625e-05,0.24550247192382812,0.17279434204101562,0.036548614501953125,15,/mnt/ssd/Huawei/20260615/data_collection/group_021/dpct高位机/Bin/frames_index.npz,/mnt/ssd/Huawei/20260615/data_collection/group_021/dpct高位机/Bin/frames.binpack,1150.99365234375,27579.142578125,46338.12109375
20260615,group_021,dpct高位机,1781512432_032775055.bin,613,1115,2.939311981201172,0.0180511474609375,6.4849853515625e-05,0.27724456787109375,0.19529342651367188,0.042095184326171875,15,/mnt/ssd/Huawei/20260615/data_collection/group_021/dpct高位机/Bin/frames_index.npz,/mnt/ssd/Huawei/20260615/data_collection/group_021/dpct高位机/Bin/frames.binpack,1314.6953125,29029.5,46340.94921875
20260615,group_021,dpct高位机,1781512432_132562075.bin,614,1115,2.8272132873535156,0.0180511474609375,6.4849853515625e-05,0.2643165588378906,0.18787384033203125,0.04132080078125,15,/mnt/ssd/Huawei/20260615/data_collection/group_021/dpct高位机/Bin/frames_index.npz,/mnt/ssd/Huawei/20260615/data_collection/group_021/dpct高位机/Bin/frames.binpack,1322.4964599609375,29197.111328125,46111.859375
20260615,group_021,dpct高位机,1781512432_232725999.bin,615,1115,2.713214874267578,0.0180511474609375,6.4849853515625e-05,0.2544059753417969,0.18042373657226562,0.038303375244140625,15,/mnt/ssd/Huawei/20260615/data_collection/group_021/dpct高位机/Bin/frames_index.npz,/mnt/ssd/Huawei/20260615/data_collection/group_021/dpct高位机/Bin/frames.binpack,1268.4210205078125,28691.6328125,46332.46484375
20260615,group_021,dpct高位机,1781512432_332839458.bin,616,1115,2.8248023986816406,0.0180511474609375,6.4849853515625e-05,0.2677345275878906,0.18835067749023438,0.038669586181640625,15,/mnt/ssd/Huawei/20260615/data_collection/group_021/dpct高位机/Bin/frames_index.npz,/mnt/ssd/Huawei/20260615/data_collection/group_021/dpct高位机/Bin/frames.binpack,1250.9486083984375,28677.017578125,46168.73828125
20260615,group_021,dpct高位机,1781512432_433349695.bin,617,1115,2.4779014587402344,0.0180511474609375,6.4849853515625e-05,0.23298263549804688,0.16506195068359375,0.0346221923828125,15,/mnt/ssd/Huawei/20260615/data_collection/group_021/dpct高位机/Bin/frames_index.npz,/mnt/ssd/Huawei/20260615/data_collection/group_021/dpct高位机/Bin/frames.binpack,1125.3846435546875,27575.5078125,45984.5703125
20260615,group_021,dpct高位机,1781512432_532746657.bin,618,1115,2.4768714904785156,0.0180511474609375,6.4849853515625e-05,0.23105621337890625,0.1646270751953125,0.0361175537109375,15,/mnt/ssd/Huawei/20260615/data_collection/group_021/dpct高位机/Bin/frames_index.npz,/mnt/ssd/Huawei/20260615/data_collection/group_021/dpct高位机/Bin/frames.binpack,1162.632568359375,27999.736328125,46191.26953125
20260615,group_021,dpct高位机,1781512432_632903253.bin,619,1115,2.708080291748047,0.0180511474609375,6.4849853515625e-05,0.253997802734375,0.17980194091796875,0.037994384765625,15,/mnt/ssd/Huawei/20260615/data_collection/group_021/dpct高位机/Bin/frames_index.npz,/mnt/ssd/Huawei/20260615/data_collection/group_021/dpct高位机/Bin/frames.binpack,1248.607177734375,28402.080078125,46335.29296875
20260615,group_021,dpct高位机,1781512432_732815427.bin,620,1115,2.8389892578125,0.0180511474609375,6.4849853515625e-05,0.26833343505859375,0.18917465209960938,0.039478302001953125,15,/mnt/ssd/Huawei/20260615/data_collection/group_021/dpct高位机/Bin/frames_index.npz,/mnt/ssd/Huawei/20260615/data_collection/group_021/dpct高位机/Bin/frames.binpack,1268.5084228515625,28434.521484375,46335.29296875
20260615,group_021,dpct高位机,1781512432_832908854.bin,621,1115,2.9561805725097656,0.0180511474609375,6.4849853515625e-05,0.278076171875,0.19684600830078125,0.04236602783203125,15,/mnt/ssd/Huawei/20260615/data_collection/group_021/dpct高位机/Bin/frames_index.npz,/mnt/ssd/Huawei/20260615/data_collection/group_021/dpct高位机/Bin/frames.binpack,1329.1561279296875,28848.95703125,46154.62890625
20260615,group_021,dpct高位机,1781512432_932929735.bin,622,1115,2.8284683227539062,0.0180511474609375,6.4849853515625e-05,0.26332855224609375,0.1883392333984375,0.041168212890625,15,/mnt/ssd/Huawei/20260615/data_collection/group_021/dpct高位机/Bin/frames_index.npz,/mnt/ssd/Huawei/20260615/data_collection/group_021/dpct高位机/Bin/frames.binpack,1332.058837890625,29442.513671875,46340.94921875
20260615,group_021,dpct高位机,1781512433_032860566.bin,623,1115,2.7162208557128906,0.0180511474609375,6.4849853515625e-05,0.2542762756347656,0.18065261840820312,0.03826141357421875,15,/mnt/ssd/Huawei/20260615/data_collection/group_021/dpct高位机/Bin/frames_index.npz,/mnt/ssd/Huawei/20260615/data_collection/group_021/dpct高位机/Bin/frames.binpack,1269.196044921875,28777.380859375,46332.46484375
20260615,group_021,dpct高位机,1781512433_132927977.bin,624,1115,2.8286781311035156,0.0180511474609375,6.4849853515625e-05,0.26802825927734375,0.18796920776367188,0.038997650146484375,15,/mnt/ssd/Huawei/20260615/data_collection/group_021/dpct高位机/Bin/frames_index.npz,/mnt/ssd/Huawei/20260615/data_collection/group_021/dpct高位机/Bin/frames.binpack,1253.3577880859375,28628.59375,46163.08203125
20260615,group_021,dpct高位机,1781512433_232992731.bin,625,1115,2.9444961547851562,0.0180511474609375,6.4849853515625e-05,0.2773246765136719,0.19579696655273438,0.042255401611328125,15,/mnt/ssd/Huawei/20260615/data_collection/group_021/dpct高位机/Bin/frames_index.npz,/mnt/ssd/Huawei/20260615/data_collection/group_021/dpct高位机/Bin/frames.binpack,1325.92138671875,29073.91015625,46326.80859375
20260615,group_021,dpct高位机,1781512433_332952811.bin,626,1115,2.8340110778808594,0.0180511474609375,6.4849853515625e-05,0.2648162841796875,0.18867874145507812,0.040904998779296875,15,/mnt/ssd/Huawei/20260615/data_collection/group_021/dpct高位机/Bin/frames_index.npz,/mnt/ssd/Huawei/20260615/data_collection/group_021/dpct高位机/Bin/frames.binpack,1327.142578125,29278.5390625,46338.12109375
20260615,group_021,dpct高位机,1781512433_433002781.bin,627,1115,2.7137374877929688,0.0180511474609375,6.4849853515625e-05,0.2542877197265625,0.18078994750976562,0.038055419921875,15,/mnt/ssd/Huawei/20260615/data_collection/group_021/dpct高位机/Bin/frames_index.npz,/mnt/ssd/Huawei/20260615/data_collection/group_021/dpct高位机/Bin/frames.binpack,1258.5177001953125,28700.21875,46338.12109375
20260615,group_021,dpct高位机,1781512433_533030575.bin,628,1115,2.8247451782226562,0.0180511474609375,6.4849853515625e-05,0.26749420166015625,0.18805313110351562,0.038707733154296875,15,/mnt/ssd/Huawei/20260615/data_collection/group_021/dpct高位机/Bin/frames_index.npz,/mnt/ssd/Huawei/20260615/data_collection/group_021/dpct高位机/Bin/frames.binpack,1252.59619140625,28417.67578125,46338.12109375
20260615,group_021,dpct高位机,1781512433_633056960.bin,629,1115,2.942230224609375,0.0180511474609375,6.4849853515625e-05,0.27724456787109375,0.19586563110351562,0.0415802001953125,15,/mnt/ssd/Huawei/20260615/data_collection/group_021/dpct高位机/Bin/frames_index.npz,/mnt/ssd/Huawei/20260615/data_collection/group_021/dpct高位机/Bin/frames.binpack,1314.2822265625,28909.255859375,46338.12109375
20260615,group_021,dpct高位机,1781512433_733130003.bin,630,1115,2.8221588134765625,0.0180511474609375,6.4849853515625e-05,0.263519287109375,0.1877288818359375,0.041240692138671875,15,/mnt/ssd/Huawei/20260615/data_collection/group_021/dpct高位机/Bin/frames_index.npz,/mnt/ssd/Huawei/20260615/data_collection/group_021/dpct高位机/Bin/frames.binpack,1332.518798828125,29509.380859375,46340.94921875
20260615,group_021,dpct高位机,1781512433_833100611.bin,631,1115,2.7121658325195312,0.0180511474609375,6.4849853515625e-05,0.2542152404785156,0.18011474609375,0.037853240966796875,15,/mnt/ssd/Huawei/20260615/data_collection/group_021/dpct高位机/Bin/frames_index.npz,/mnt/ssd/Huawei/20260615/data_collection/group_021/dpct高位机/Bin/frames.binpack,1261.8968505859375,28781.69921875,45803.90625
20260615,group_021,dpct高位机,1781512433_933136789.bin,632,1115,2.830707550048828,0.0180511474609375,6.4849853515625e-05,0.2681121826171875,0.18825531005859375,0.03867340087890625,15,/mnt/ssd/Huawei/20260615/data_collection/group_021/dpct高位机/Bin/frames_index.npz,/mnt/ssd/Huawei/20260615/data_collection/group_021/dpct高位机/Bin/frames.binpack,1249.77392578125,28252.646484375,45984.56640625
20260615,group_021,dpct高位机,1781512434_033144998.bin,633,1115,2.9431800842285156,0.0180511474609375,6.4849853515625e-05,0.27826690673828125,0.19574737548828125,0.04193115234375,15,/mnt/ssd/Huawei/20260615/data_collection/group_021/dpct高位机/Bin/frames_index.npz,/mnt/ssd/Huawei/20260615/data_collection/group_021/dpct高位机/Bin/frames.binpack,1314.8681640625,29075.25390625,46160.28515625
20260615,group_021,dpct高位机,1781512434_133177721.bin,634,1115,2.8309059143066406,0.0180511474609375,6.4849853515625e-05,0.2645111083984375,0.18845748901367188,0.04100799560546875,15,/mnt/ssd/Huawei/20260615/data_collection/group_021/dpct高位机/Bin/frames_index.npz,/mnt/ssd/Huawei/20260615/data_collection/group_021/dpct高位机/Bin/frames.binpack,1327.1123046875,29284.95703125,46338.12109375
20260615,group_021,dpct高位机,1781512434_238403784.bin,635,1115,2.7072601318359375,0.0180511474609375,6.4849853515625e-05,0.2537574768066406,0.17961883544921875,0.0381927490234375,15,/mnt/ssd/Huawei/20260615/data_collection/group_021/dpct高位机/Bin/frames_index.npz,/mnt/ssd/Huawei/20260615/data_collection/group_021/dpct高位机/Bin/frames.binpack,1282.076171875,28936.654296875,45981.73828125
20260615,group_021,dpct高位机,1781512434_342687521.bin,636,1115,2.712574005126953,0.0180511474609375,6.4849853515625e-05,0.2565345764160156,0.1801300048828125,0.03792572021484375,15,/mnt/ssd/Huawei/20260615/data_collection/group_021/dpct高位机/Bin/frames_index.npz,/mnt/ssd/Huawei/20260615/data_collection/group_021/dpct高位机/Bin/frames.binpack,1209.92626953125,27945.076171875,46140.49609375
20260615,group_021,dpct高位机,1781512434_442686931.bin,637,1115,2.9425582885742188,0.0180511474609375,6.4849853515625e-05,0.2780189514160156,0.19541168212890625,0.04044342041015625,15,/mnt/ssd/Huawei/20260615/data_collection/group_021/dpct高位机/Bin/frames_index.npz,/mnt/ssd/Huawei/20260615/data_collection/group_021/dpct高位机/Bin/frames.binpack,1332.4560546875,29113.265625,46338.12109375
20260615,group_021,dpct高位机,1781512434_549053502.bin,638,1115,2.708538055419922,0.0180511474609375,6.4849853515625e-05,0.2543792724609375,0.179901123046875,0.037952423095703125,15,/mnt/ssd/Huawei/20260615/data_collection/group_021/dpct高位机/Bin/frames_index.npz,/mnt/ssd/Huawei/20260615/data_collection/group_021/dpct高位机/Bin/frames.binpack,1259.5594482421875,28948.001953125,46338.12109375
20260615,group_021,dpct高位机,1781512434_648294973.bin,639,1115,2.8178977966308594,0.0180511474609375,6.4849853515625e-05,0.2635536193847656,0.18680191040039062,0.039783477783203125,15,/mnt/ssd/Huawei/20260615/data_collection/group_021/dpct高位机/Bin/frames_index.npz,/mnt/ssd/Huawei/20260615/data_collection/group_021/dpct高位机/Bin/frames.binpack,1332.0595703125,29313.490234375,46163.1015625
20260615,group_021,dpct高位机,1781512434_748316399.bin,640,1115,2.7002487182617188,0.0180511474609375,6.4849853515625e-05,0.25536346435546875,0.17928314208984375,0.03746795654296875,15,/mnt/ssd/Huawei/20260615/data_collection/group_021/dpct高位机/Bin/frames_index.npz,/mnt/ssd/Huawei/20260615/data_collection/group_021/dpct高位机/Bin/frames.binpack,1198.000244140625,28095.89453125,46292.890625
20260615,group_021,dpct高位机,1781512434_848331969.bin,641,1115,2.951446533203125,0.0180511474609375,6.4849853515625e-05,0.2788581848144531,0.19617462158203125,0.040740966796875,15,/mnt/ssd/Huawei/20260615/data_collection/group_021/dpct高位机/Bin/frames_index.npz,/mnt/ssd/Huawei/20260615/data_collection/group_021/dpct高位机/Bin/frames.binpack,1335.24072265625,28964.1328125,46340.94921875
20260615,group_021,dpct高位机,1781512434_948391956.bin,642,1115,2.8345565795898438,0.0180511474609375,6.4849853515625e-05,0.26605224609375,0.18920135498046875,0.04097747802734375,15,/mnt/ssd/Huawei/20260615/data_collection/group_021/dpct高位机/Bin/frames_index.npz,/mnt/ssd/Huawei/20260615/data_collection/group_021/dpct高位机/Bin/frames.binpack,1273.1353759765625,28446.76953125,46329.63671875
20260615,group_021,dpct高位机,1781512435_048395109.bin,643,1115,2.8322525024414062,0.0180511474609375,6.4849853515625e-05,0.2647743225097656,0.18824005126953125,0.040103912353515625,15,/mnt/ssd/Huawei/20260615/data_collection/group_021/dpct高位机/Bin/frames_index.npz,/mnt/ssd/Huawei/20260615/data_collection/group_021/dpct高位机/Bin/frames.binpack,1348.091552734375,29342.7890625,45977.53125
20260615,group_021,dpct高位机,1781512435_148394423.bin,644,1115,2.7137603759765625,0.0180511474609375,6.4849853515625e-05,0.2555198669433594,0.18091964721679688,0.037937164306640625,15,/mnt/ssd/Huawei/20260615/data_collection/group_021/dpct高位机/Bin/frames_index.npz,/mnt/ssd/Huawei/20260615/data_collection/group_021/dpct高位机/Bin/frames.binpack,1209.2109375,28245.482421875,46340.94921875
20260615,group_021,dpct高位机,1781512435_248479851.bin,645,1115,2.948688507080078,0.0180511474609375,6.4849853515625e-05,0.2786712646484375,0.196258544921875,0.0402984619140625,15,/mnt/ssd/Huawei/20260615/data_collection/group_021/dpct高位机/Bin/frames_index.npz,/mnt/ssd/Huawei/20260615/data_collection/group_021/dpct高位机/Bin/frames.binpack,1326.5050048828125,28930.779296875,46163.08203125
20260615,group_021,dpct高位机,1781512435_348432252.bin,646,1115,2.8275222778320312,0.0180511474609375,6.4849853515625e-05,0.2664642333984375,0.1881103515625,0.040920257568359375,15,/mnt/ssd/Huawei/20260615/data_collection/group_021/dpct高位机/Bin/frames_index.npz,/mnt/ssd/Huawei/20260615/data_collection/group_021/dpct高位机/Bin/frames.binpack,1258.6878662109375,28657.958984375,45723.625
20260615,group_021,dpct高位机,1781512435_448476591.bin,647,1115,2.8222923278808594,0.0180511474609375,6.4849853515625e-05,0.264801025390625,0.187286376953125,0.039104461669921875,15,/mnt/ssd/Huawei/20260615/data_collection/group_021/dpct高位机/Bin/frames_index.npz,/mnt/ssd/Huawei/20260615/data_collection/group_021/dpct高位机/Bin/frames.binpack,1323.7847900390625,29330.6875,46157.40234375
20260615,group_021,dpct高位机,1781512435_548510018.bin,648,1115,2.7086448669433594,0.0180511474609375,6.4849853515625e-05,0.25600433349609375,0.17990493774414062,0.037654876708984375,15,/mnt/ssd/Huawei/20260615/data_collection/group_021/dpct高位机/Bin/frames_index.npz,/mnt/ssd/Huawei/20260615/data_collection/group_021/dpct高位机/Bin/frames.binpack,1203.0423583984375,28065.689453125,46335.29296875
20260615,group_021,dpct高位机,1781512435_648586774.bin,649,1115,2.9498367309570312,0.0180511474609375,6.4849853515625e-05,0.2783012390136719,0.19614791870117188,0.041172027587890625,15,/mnt/ssd/Huawei/20260615/data_collection/group_021/dpct高位机/Bin/frames_index.npz,/mnt/ssd/Huawei/20260615/data_collection/group_021/dpct高位机/Bin/frames.binpack,1338.6712646484375,29090.658203125,45981.73828125
20260615,group_021,dpct高位机,1781512435_748683786.bin,650,1115,2.8299484252929688,0.0180511474609375,6.4849853515625e-05,0.2666435241699219,0.18841171264648438,0.040843963623046875,15,/mnt/ssd/Huawei/20260615/data_collection/group_021/dpct高位机/Bin/frames_index.npz,/mnt/ssd/Huawei/20260615/data_collection/group_021/dpct高位机/Bin/frames.binpack,1258.107177734375,28624.27734375,46295.7109375
20260615,group_021,dpct高位机,1781512435_848744861.bin,651,1115,2.8265457153320312,0.0180511474609375,6.4849853515625e-05,0.2637176513671875,0.18770980834960938,0.040073394775390625,15,/mnt/ssd/Huawei/20260615/data_collection/group_021/dpct高位机/Bin/frames_index.npz,/mnt/ssd/Huawei/20260615/data_collection/group_021/dpct高位机/Bin/frames.binpack,1347.2890625,29465.12109375,46295.7109375
20260615,group_021,dpct高位机,1781512435_949307165.bin,652,1115,2.7074623107910156,0.0180511474609375,6.4849853515625e-05,0.2565498352050781,0.17973709106445312,0.037624359130859375,15,/mnt/ssd/Huawei/20260615/data_collection/group_021/dpct高位机/Bin/frames_index.npz,/mnt/ssd/Huawei/20260615/data_collection/group_021/dpct高位机/Bin/frames.binpack,1204.017822265625,28333.583984375,46295.7109375
20260615,group_021,dpct高位机,1781512436_048654815.bin,653,1115,2.9467926025390625,0.0180511474609375,6.4849853515625e-05,0.2777290344238281,0.19641494750976562,0.0405426025390625,15,/mnt/ssd/Huawei/20260615/data_collection/group_021/dpct高位机/Bin/frames_index.npz,/mnt/ssd/Huawei/20260615/data_collection/group_021/dpct高位机/Bin/frames.binpack,1330.9951171875,29077.19921875,46292.8828125
20260615,group_021,dpct高位机,1781512436_148646577.bin,654,1115,2.823009490966797,0.0180511474609375,6.4849853515625e-05,0.2662010192871094,0.18700027465820312,0.040317535400390625,15,/mnt/ssd/Huawei/20260615/data_collection/group_021/dpct高位机/Bin/frames_index.npz,/mnt/ssd/Huawei/20260615/data_collection/group_021/dpct高位机/Bin/frames.binpack,1253.7342529296875,28544.8671875,45630.96875
20260615,group_021,dpct高位机,1781512436_249304308.bin,655,1115,2.827106475830078,0.0180511474609375,6.4849853515625e-05,0.26387786865234375,0.18799591064453125,0.039905548095703125,15,/mnt/ssd/Huawei/20260615/data_collection/group_021/dpct高位机/Bin/frames_index.npz,/mnt/ssd/Huawei/20260615/data_collection/group_021/dpct高位机/Bin/frames.binpack,1347.3287353515625,29616.490234375,46335.29296875
20260615,group_021,dpct高位机,1781512436_348711448.bin,656,1115,2.0147056579589844,0.0180511474609375,6.4849853515625e-05,0.1903533935546875,0.1334381103515625,0.028411865234375,15,/mnt/ssd/Huawei/20260615/data_collection/group_021/dpct高位机/Bin/frames_index.npz,/mnt/ssd/Huawei/20260615/data_collection/group_021/dpct高位机/Bin/frames.binpack,891.4036865234375,24696.705078125,46298.54296875
20260615,group_021,dpct高位机,1781512437_350624447.bin,666,1115,2.481536865234375,0.0180511474609375,6.4849853515625e-05,0.23381805419921875,0.1648101806640625,0.035266876220703125,15,/mnt/ssd/Huawei/20260615/data_collection/group_021/dpct高位机/Bin/frames_index.npz,/mnt/ssd/Huawei/20260615/data_collection/group_021/dpct高位机/Bin/frames.binpack,1125.2232666015625,27518.349609375,46335.29296875
20260615,group_021,dpct高位机,1781512437_450867832.bin,667,1115,2.7164154052734375,0.0180511474609375,6.4849853515625e-05,0.2550392150878906,0.1806793212890625,0.03888702392578125,15,/mnt/ssd/Huawei/20260615/data_collection/group_021/dpct高位机/Bin/frames_index.npz,/mnt/ssd/Huawei/20260615/data_collection/group_021/dpct高位机/Bin/frames.binpack,1240.7674560546875,28393.13671875,46295.7109375
20260615,group_021,dpct高位机,1781512437_550798505.bin,668,1115,2.8278350830078125,0.0180511474609375,6.4849853515625e-05,0.2664146423339844,0.18819808959960938,0.0385894775390625,15,/mnt/ssd/Huawei/20260615/data_collection/group_021/dpct高位机/Bin/frames_index.npz,/mnt/ssd/Huawei/20260615/data_collection/group_021/dpct高位机/Bin/frames.binpack,1297.285888671875,28898.85546875,46335.29296875
20260615,group_021,dpct高位机,1781512437_650986657.bin,669,1115,2.8252220153808594,0.0180511474609375,6.4849853515625e-05,0.2677879333496094,0.18805313110351562,0.03960418701171875,15,/mnt/ssd/Huawei/20260615/data_collection/group_021/dpct高位机/Bin/frames_index.npz,/mnt/ssd/Huawei/20260615/data_collection/group_021/dpct高位机/Bin/frames.binpack,1219.2158203125,27874.70703125,46163.0625
20260615,group_021,dpct高位机,1781512437_750881137.bin,670,1115,2.949970245361328,0.0180511474609375,6.4849853515625e-05,0.2770423889160156,0.19588470458984375,0.041469573974609375,15,/mnt/ssd/Huawei/20260615/data_collection/group_021/dpct高位机/Bin/frames_index.npz,/mnt/ssd/Huawei/20260615/data_collection/group_021/dpct高位机/Bin/frames.binpack,1367.344482421875,29466.369140625,45978.91015625
20260615,group_021,dpct高位机,1781512437_850902821.bin,671,1115,2.7084999084472656,0.0180511474609375,6.4849853515625e-05,0.2541923522949219,0.18014907836914062,0.03863525390625,15,/mnt/ssd/Huawei/20260615/data_collection/group_021/dpct高位机/Bin/frames_index.npz,/mnt/ssd/Huawei/20260615/data_collection/group_021/dpct高位机/Bin/frames.binpack,1235.2406005859375,28568.185546875,46335.29296875
20260615,group_021,dpct高位机,1781512437_956534464.bin,672,1115,4.948352813720703,0.0180511474609375,6.4849853515625e-05,0.4668922424316406,0.3298301696777344,0.06937789916992188,15,/mnt/ssd/Huawei/20260615/data_collection/group_021/dpct高位机/Bin/frames_index.npz,/mnt/ssd/Huawei/20260615/data_collection/group_021/dpct高位机/Bin/frames.binpack,2242.637451171875,32323.78515625,46338.12109375
20260615,group_021,dpct高位机,1781512438_057082624.bin,673,1115,2.715789794921875,0.0180511474609375,6.4849853515625e-05,0.2546653747558594,0.18053436279296875,0.039058685302734375,15,/mnt/ssd/Huawei/20260615/data_collection/group_021/dpct高位机/Bin/frames_index.npz,/mnt/ssd/Huawei/20260615/data_collection/group_021/dpct高位机/Bin/frames.binpack,1244.942138671875,28325.04296875,46338.12109375
20260615,group_021,dpct高位机,1781512438_157073491.bin,674,1115,2.9440650939941406,0.0180511474609375,6.4849853515625e-05,0.2767219543457031,0.19600677490234375,0.041584014892578125,15,/mnt/ssd/Huawei/20260615/data_collection/group_021/dpct高位机/Bin/frames_index.npz,/mnt/ssd/Huawei/20260615/data_collection/group_021/dpct高位机/Bin/frames.binpack,1354.3538818359375,29257.2421875,46338.12109375
20260615,group_021,dpct高位机,1781512438_257454512.bin,675,1115,2.7122955322265625,0.0180511474609375,6.4849853515625e-05,0.2545814514160156,0.18015289306640625,0.03920745849609375,15,/mnt/ssd/Huawei/20260615/data_collection/group_021/dpct高位机/Bin/frames_index.npz,/mnt/ssd/Huawei/20260615/data_collection/group_021/dpct高位机/Bin/frames.binpack,1243.5003662109375,28767.8359375,45686.99609375
20260615,group_021,dpct高位机,1781512438_357078554.bin,676,1115,2.8221588134765625,0.0180511474609375,6.4849853515625e-05,0.26526641845703125,0.18729019165039062,0.038288116455078125,15,/mnt/ssd/Huawei/20260615/data_collection/group_021/dpct高位机/Bin/frames_index.npz,/mnt/ssd/Huawei/20260615/data_collection/group_021/dpct高位机/Bin/frames.binpack,1294.5242919921875,28896.5546875,46340.94921875
20260615,group_021,dpct高位机,1781512438_462319052.bin,677,1115,0.3707771301269531,0.0180511474609375,6.4849853515625e-05,0.033229827880859375,0.0237884521484375,0.00502777099609375,15,/mnt/ssd/Huawei/20260615/data_collection/group_021/dpct高位机/Bin/frames_index.npz,/mnt/ssd/Huawei/20260615/data_collection/group_021/dpct高位机/Bin/frames.binpack,160.64959716796875,3478.931640625,45619.74609375
20260615,group_022,dpct高位机,1781512525_880637716.bin,89,1063,2.487133026123047,0.017993927001953125,3.0517578125e-05,0.23441696166992188,0.16530227661132812,0.0333251953125,15,/mnt/ssd/Huawei/20260615/data_collection/group_022/dpct高位机/Bin/frames_index.npz,/mnt/ssd/Huawei/20260615/data_collection/group_022/dpct高位机/Bin/frames.binpack,1135.1759033203125,27313.87890625,46298.54296875
20260615,group_022,dpct高位机,1781512525_980672687.bin,90,1063,2.8338088989257812,0.017993927001953125,3.0517578125e-05,0.2698936462402344,0.18841171264648438,0.038494110107421875,15,/mnt/ssd/Huawei/20260615/data_collection/group_022/dpct高位机/Bin/frames_index.npz,/mnt/ssd/Huawei/20260615/data_collection/group_022/dpct高位机/Bin/frames.binpack,1189.943115234375,27299.580078125,46165.921875
20260615,group_022,dpct高位机,1781512526_081289144.bin,91,1063,2.9541893005371094,0.017993927001953125,3.0517578125e-05,0.2777061462402344,0.19659042358398438,0.0404052734375,15,/mnt/ssd/Huawei/20260615/data_collection/group_022/dpct高位机/Bin/frames_index.npz,/mnt/ssd/Huawei/20260615/data_collection/group_022/dpct高位机/Bin/frames.binpack,1337.2437744140625,28846.859375,46338.12109375
20260615,group_022,dpct高位机,1781512526_183263556.bin,92,1063,2.723114013671875,0.017993927001953125,3.0517578125e-05,0.2566871643066406,0.18140029907226562,0.037837982177734375,15,/mnt/ssd/Huawei/20260615/data_collection/group_022/dpct高位机/Bin/frames_index.npz,/mnt/ssd/Huawei/20260615/data_collection/group_022/dpct高位机/Bin/frames.binpack,1213.9283447265625,27945.212890625,46340.94921875
20260615,group_022,dpct高位机,1781512526_284290839.bin,93,1063,2.712310791015625,0.017993927001953125,3.0517578125e-05,0.2576026916503906,0.18053436279296875,0.036197662353515625,15,/mnt/ssd/Huawei/20260615/data_collection/group_022/dpct高位机/Bin/frames_index.npz,/mnt/ssd/Huawei/20260615/data_collection/group_022/dpct高位机/Bin/frames.binpack,1160.6026611328125,27139.916015625,46338.12109375
20260615,group_022,dpct高位机,1781512526_598086298.bin,94,1063,2.8322105407714844,0.017993927001953125,3.0517578125e-05,0.26677703857421875,0.18837738037109375,0.0390777587890625,15,/mnt/ssd/Huawei/20260615/data_collection/group_022/dpct高位机/Bin/frames_index.npz,/mnt/ssd/Huawei/20260615/data_collection/group_022/dpct高位机/Bin/frames.binpack,1280.4903564453125,28835.921875,46338.12109375
20260615,group_022,dpct高位机,1781512527_216698116.bin,95,1063,2.824871063232422,0.017993927001953125,3.0517578125e-05,0.26679229736328125,0.18805313110351562,0.03765869140625,15,/mnt/ssd/Huawei/20260615/data_collection/group_022/dpct高位机/Bin/frames_index.npz,/mnt/ssd/Huawei/20260615/data_collection/group_022/dpct高位机/Bin/frames.binpack,1282.930419921875,28832.01953125,46335.29296875
20260615,group_022,dpct高位机,1781512527_315122457.bin,96,1063,2.826629638671875,0.017993927001953125,3.0517578125e-05,0.26956939697265625,0.187469482421875,0.038082122802734375,15,/mnt/ssd/Huawei/20260615/data_collection/group_022/dpct高位机/Bin/frames_index.npz,/mnt/ssd/Huawei/20260615/data_collection/group_022/dpct高位机/Bin/frames.binpack,1189.04638671875,27099.642578125,46267.4140625
20260615,group_022,dpct高位机,1781512527_516177129.bin,97,1063,2.9419898986816406,0.017993927001953125,3.0517578125e-05,0.2767066955566406,0.19582366943359375,0.040252685546875,15,/mnt/ssd/Huawei/20260615/data_collection/group_022/dpct高位机/Bin/frames_index.npz,/mnt/ssd/Huawei/20260615/data_collection/group_022/dpct高位机/Bin/frames.binpack,1341.1007080078125,28996.279296875,46332.46484375
20260615,group_022,dpct高位机,1781512527_714948225.bin,98,1063,2.7179794311523438,0.017993927001953125,3.0517578125e-05,0.2557945251464844,0.18148040771484375,0.037441253662109375,15,/mnt/ssd/Huawei/20260615/data_collection/group_022/dpct高位机/Bin/frames_index.npz,/mnt/ssd/Huawei/20260615/data_collection/group_022/dpct高位机/Bin/frames.binpack,1212.28955078125,27915.46484375,46338.12109375
20260615,group_022,dpct高位机,1781512527_914772018.bin,99,1063,2.8388099670410156,0.017993927001953125,3.0517578125e-05,0.2679176330566406,0.18901824951171875,0.037822723388671875,15,/mnt/ssd/Huawei/20260615/data_collection/group_022/dpct高位机/Bin/frames_index.npz,/mnt/ssd/Huawei/20260615/data_collection/group_022/dpct高位机/Bin/frames.binpack,1288.635498046875,28744.9296875,45976.08203125
20260615,group_022,dpct高位机,1781512528_116791514.bin,100,1063,2.8176956176757812,0.017993927001953125,3.0517578125e-05,0.2680625915527344,0.18749618530273438,0.03723907470703125,15,/mnt/ssd/Huawei/20260615/data_collection/group_022/dpct高位机/Bin/frames_index.npz,/mnt/ssd/Huawei/20260615/data_collection/group_022/dpct高位机/Bin/frames.binpack,1182.1893310546875,26972.33984375,46323.984375
20260615,group_022,dpct高位机,1781512528_410449105.bin,101,1063,0.4847869873046875,0.017993927001953125,3.0517578125e-05,0.043575286865234375,0.0310211181640625,0.006580352783203125,15,/mnt/ssd/Huawei/20260615/data_collection/group_022/dpct高位机/Bin/frames_index.npz,/mnt/ssd/Huawei/20260615/data_collection/group_022/dpct高位机/Bin/frames.binpack,232.2252197265625,7835.15478515625,45085.78515625
20260615,group_022,dpct高位机,1781512535_892188071.bin,168,1063,2.840618133544922,0.017993927001953125,3.0517578125e-05,0.2657051086425781,0.18909835815429688,0.04039764404296875,15,/mnt/ssd/Huawei/20260615/data_collection/group_022/dpct高位机/Bin/frames_index.npz,/mnt/ssd/Huawei/20260615/data_collection/group_022/dpct高位机/Bin/frames.binpack,1314.70361328125,28897.62890625,46326.80859375
20260615,group_022,dpct高位机,1781512536_316652059.bin,169,1063,2.9349288940429688,0.017993927001953125,3.0517578125e-05,0.27553558349609375,0.19499969482421875,0.0404510498046875,15,/mnt/ssd/Huawei/20260615/data_collection/group_022/dpct高位机/Bin/frames_index.npz,/mnt/ssd/Huawei/20260615/data_collection/group_022/dpct高位机/Bin/frames.binpack,1346.649658203125,28988.95703125,46340.94921875
20260615,group_022,dpct高位机,1781512536_517710227.bin,170,1063,0.6054306030273438,0.017993927001953125,3.0517578125e-05,0.055171966552734375,0.039394378662109375,0.008686065673828125,15,/mnt/ssd/Huawei/20260615/data_collection/group_022/dpct高位机/Bin/frames_index.npz,/mnt/ssd/Huawei/20260615/data_collection/group_022/dpct高位机/Bin/frames.binpack,267.4822998046875,9622.94921875,45578.015625
20260615,group_022,dpct高位机,1781512585_087712520.bin,652,1063,0.36881256103515625,0.017993927001953125,3.0517578125e-05,0.033504486083984375,0.023349761962890625,0.004604339599609375,15,/mnt/ssd/Huawei/20260615/data_collection/group_022/dpct高位机/Bin/frames_index.npz,/mnt/ssd/Huawei/20260615/data_collection/group_022/dpct高位机/Bin/frames.binpack,155.85614013671875,3168.635009765625,42868.3828125
20260615,group_022,dpct高位机,1781512585_186982696.bin,653,1063,2.4748382568359375,0.017993927001953125,3.0517578125e-05,0.23389053344726562,0.16454696655273438,0.033550262451171875,15,/mnt/ssd/Huawei/20260615/data_collection/group_022/dpct高位机/Bin/frames_index.npz,/mnt/ssd/Huawei/20260615/data_collection/group_022/dpct高位机/Bin/frames.binpack,1091.7867431640625,26671.2578125,45984.56640625
20260615,group_022,dpct高位机,1781512585_287154493.bin,654,1063,2.8358078002929688,0.017993927001953125,3.0517578125e-05,0.26813507080078125,0.18874359130859375,0.038837432861328125,15,/mnt/ssd/Huawei/20260615/data_collection/group_022/dpct高位机/Bin/frames_index.npz,/mnt/ssd/Huawei/20260615/data_collection/group_022/dpct高位机/Bin/frames.binpack,1262.8939208984375,28448.990234375,46295.7109375
20260615,group_022,dpct高位机,1781512585_387055084.bin,655,1063,2.825103759765625,0.017993927001953125,3.0517578125e-05,0.2670135498046875,0.18780899047851562,0.037807464599609375,15,/mnt/ssd/Huawei/20260615/data_collection/group_022/dpct高位机/Bin/frames_index.npz,/mnt/ssd/Huawei/20260615/data_collection/group_022/dpct高位机/Bin/frames.binpack,1244.453125,28020.91796875,45985.94921875
20260615,group_022,dpct高位机,1781512586_110657744.bin,656,1063,2.8195877075195312,0.017993927001953125,3.0517578125e-05,0.2663002014160156,0.18716049194335938,0.03713226318359375,15,/mnt/ssd/Huawei/20260615/data_collection/group_022/dpct高位机/Bin/frames_index.npz,/mnt/ssd/Huawei/20260615/data_collection/group_022/dpct高位机/Bin/frames.binpack,1265.2510986328125,28673.091796875,46292.8828125
20260615,group_022,dpct高位机,1781512589_514408761.bin,665,1063,2.8292388916015625,0.017993927001953125,3.0517578125e-05,0.2666473388671875,0.18795013427734375,0.038089752197265625,15,/mnt/ssd/Huawei/20260615/data_collection/group_022/dpct高位机/Bin/frames_index.npz,/mnt/ssd/Huawei/20260615/data_collection/group_022/dpct高位机/Bin/frames.binpack,1289.8885498046875,28682.1328125,46335.29296875
20260615,group_022,dpct高位机,1781512589_714680901.bin,666,1063,2.8335533142089844,0.017993927001953125,3.0517578125e-05,0.2686424255371094,0.18861770629882812,0.039165496826171875,15,/mnt/ssd/Huawei/20260615/data_collection/group_022/dpct高位机/Bin/frames_index.npz,/mnt/ssd/Huawei/20260615/data_collection/group_022/dpct高位机/Bin/frames.binpack,1223.222900390625,27904.181640625,46338.12109375
20260615,group_022,dpct高位机,1781512589_914413572.bin,667,1063,2.9495277404785156,0.017993927001953125,3.0517578125e-05,0.27803802490234375,0.19639968872070312,0.040180206298828125,15,/mnt/ssd/Huawei/20260615/data_collection/group_022/dpct高位机/Bin/frames_index.npz,/mnt/ssd/Huawei/20260615/data_collection/group_022/dpct高位机/Bin/frames.binpack,1334.2137451171875,29036.619140625,45981.73828125
20260615,group_022,dpct高位机,1781512590_115364066.bin,668,1063,2.7186431884765625,0.017993927001953125,3.0517578125e-05,0.25563812255859375,0.18124008178710938,0.0381927490234375,15,/mnt/ssd/Huawei/20260615/data_collection/group_022/dpct高位机/Bin/frames_index.npz,/mnt/ssd/Huawei/20260615/data_collection/group_022/dpct高位机/Bin/frames.binpack,1213.8045654296875,28067.623046875,45801.08984375
20260615,group_022,dpct高位机,1781512590_320196256.bin,669,1063,2.829021453857422,0.017993927001953125,3.0517578125e-05,0.2671318054199219,0.1881103515625,0.037380218505859375,15,/mnt/ssd/Huawei/20260615/data_collection/group_022/dpct高位机/Bin/frames_index.npz,/mnt/ssd/Huawei/20260615/data_collection/group_022/dpct高位机/Bin/frames.binpack,1278.0272216796875,28832.3046875,45981.73828125
20260615,group_022,dpct高位机,1781512590_414543751.bin,670,1063,2.8287277221679688,0.017993927001953125,3.0517578125e-05,0.26914215087890625,0.18768692016601562,0.03800201416015625,15,/mnt/ssd/Huawei/20260615/data_collection/group_022/dpct高位机/Bin/frames_index.npz,/mnt/ssd/Huawei/20260615/data_collection/group_022/dpct高位机/Bin/frames.binpack,1200.272705078125,27568.01171875,46163.1015625
20260615,group_022,dpct高位机,1781512590_672101155.bin,671,1063,2.827056884765625,0.017993927001953125,3.0517578125e-05,0.2671546936035156,0.18832015991210938,0.03795623779296875,15,/mnt/ssd/Huawei/20260615/data_collection/group_022/dpct高位机/Bin/frames_index.npz,/mnt/ssd/Huawei/20260615/data_collection/group_022/dpct高位机/Bin/frames.binpack,1233.999267578125,27958.134765625,46338.12109375
20260615,group_022,dpct高位机,1781512591_390945726.bin,672,1063,2.828948974609375,0.017993927001953125,3.0517578125e-05,0.2694206237792969,0.18811798095703125,0.037235260009765625,15,/mnt/ssd/Huawei/20260615/data_collection/group_022/dpct高位机/Bin/frames_index.npz,/mnt/ssd/Huawei/20260615/data_collection/group_022/dpct高位机/Bin/frames.binpack,1211.997802734375,27642.541015625,46340.94921875
20260615,group_022,dpct高位机,1781512591_615671116.bin,673,1063,2.821369171142578,0.017993927001953125,3.0517578125e-05,0.2667350769042969,0.1877593994140625,0.037303924560546875,15,/mnt/ssd/Huawei/20260615/data_collection/group_022/dpct高位机/Bin/frames_index.npz,/mnt/ssd/Huawei/20260615/data_collection/group_022/dpct高位机/Bin/frames.binpack,1264.3167724609375,28524.98828125,46163.1015625
20260615,group_022,dpct高位机,1781512591_816827567.bin,674,1063,2.8242645263671875,0.017993927001953125,3.0517578125e-05,0.2680549621582031,0.18824005126953125,0.03849029541015625,15,/mnt/ssd/Huawei/20260615/data_collection/group_022/dpct高位机/Bin/frames_index.npz,/mnt/ssd/Huawei/20260615/data_collection/group_022/dpct高位机/Bin/frames.binpack,1200.765625,27652.466796875,46338.12109375
20260615,group_022,dpct高位机,1781512591_915631269.bin,675,1063,2.9460067749023438,0.017993927001953125,3.0517578125e-05,0.27783203125,0.19619369506835938,0.039684295654296875,15,/mnt/ssd/Huawei/20260615/data_collection/group_022/dpct高位机/Bin/frames_index.npz,/mnt/ssd/Huawei/20260615/data_collection/group_022/dpct高位机/Bin/frames.binpack,1321.8143310546875,28837.44921875,46264.58203125
20260615,group_022,dpct高位机,1781512592_114549746.bin,676,1063,2.704193115234375,0.017993927001953125,3.0517578125e-05,0.25530242919921875,0.17963790893554688,0.037075042724609375,15,/mnt/ssd/Huawei/20260615/data_collection/group_022/dpct高位机/Bin/frames_index.npz,/mnt/ssd/Huawei/20260615/data_collection/group_022/dpct高位机/Bin/frames.binpack,1193.21533203125,27723.033203125,46270.29296875
20260615,group_022,dpct高位机,1781512592_314222034.bin,677,1063,2.8258094787597656,0.017993927001953125,3.0517578125e-05,0.2687797546386719,0.18781661987304688,0.0370025634765625,15,/mnt/ssd/Huawei/20260615/data_collection/group_022/dpct高位机/Bin/frames_index.npz,/mnt/ssd/Huawei/20260615/data_collection/group_022/dpct高位机/Bin/frames.binpack,1257.6932373046875,28564.2421875,46335.29296875
20260615,group_022,dpct高位机,1781512592_514566018.bin,678,1063,2.826812744140625,0.017993927001953125,3.0517578125e-05,0.2684440612792969,0.18801116943359375,0.03851318359375,15,/mnt/ssd/Huawei/20260615/data_collection/group_022/dpct高位机/Bin/frames_index.npz,/mnt/ssd/Huawei/20260615/data_collection/group_022/dpct高位机/Bin/frames.binpack,1200.440673828125,27528.94921875,45801.11328125
20260615,group_022,dpct高位机,1781512592_714354116.bin,679,1063,2.9467391967773438,0.017993927001953125,3.0517578125e-05,0.2775154113769531,0.19634628295898438,0.040302276611328125,15,/mnt/ssd/Huawei/20260615/data_collection/group_022/dpct高位机/Bin/frames_index.npz,/mnt/ssd/Huawei/20260615/data_collection/group_022/dpct高位机/Bin/frames.binpack,1330.904296875,28978.455078125,46338.12109375
20260615,group_022,dpct高位机,1781512592_914318219.bin,680,1063,2.7103614807128906,0.017993927001953125,3.0517578125e-05,0.2549705505371094,0.18041229248046875,0.03766632080078125,15,/mnt/ssd/Huawei/20260615/data_collection/group_022/dpct高位机/Bin/frames_index.npz,/mnt/ssd/Huawei/20260615/data_collection/group_022/dpct高位机/Bin/frames.binpack,1220.0732421875,28411.267578125,46340.94921875
20260615,group_022,dpct高位机,1781512593_114515609.bin,681,1063,2.8211326599121094,0.017993927001953125,3.0517578125e-05,0.26654815673828125,0.18772125244140625,0.03752899169921875,15,/mnt/ssd/Huawei/20260615/data_collection/group_022/dpct高位机/Bin/frames_index.npz,/mnt/ssd/Huawei/20260615/data_collection/group_022/dpct高位机/Bin/frames.binpack,1269.585693359375,28584.791015625,46160.28515625
20260615,group_022,dpct高位机,1781512593_314377278.bin,682,1063,2.837982177734375,0.017993927001953125,3.0517578125e-05,0.2698936462402344,0.18924713134765625,0.039287567138671875,15,/mnt/ssd/Huawei/20260615/data_collection/group_022/dpct高位机/Bin/frames_index.npz,/mnt/ssd/Huawei/20260615/data_collection/group_022/dpct高位机/Bin/frames.binpack,1221.883544921875,28099.404296875,45988.75390625
20260615,group_022,dpct高位机,1781512593_514549770.bin,683,1063,2.9488563537597656,0.017993927001953125,3.0517578125e-05,0.2773551940917969,0.19648361206054688,0.040691375732421875,15,/mnt/ssd/Huawei/20260615/data_collection/group_022/dpct高位机/Bin/frames_index.npz,/mnt/ssd/Huawei/20260615/data_collection/group_022/dpct高位机/Bin/frames.binpack,1344.3868408203125,29316.80859375,46292.8828125
20260615,group_022,dpct高位机,1781512593_714699895.bin,684,1063,2.716846466064453,0.017993927001953125,3.0517578125e-05,0.2558441162109375,0.1810455322265625,0.037445068359375,15,/mnt/ssd/Huawei/20260615/data_collection/group_022/dpct高位机/Bin/frames_index.npz,/mnt/ssd/Huawei/20260615/data_collection/group_022/dpct高位机/Bin/frames.binpack,1210.6258544921875,27915.384765625,46298.54296875
20260615,group_022,dpct高位机,1781512593_914455609.bin,685,1063,2.827770233154297,0.017993927001953125,3.0517578125e-05,0.26727294921875,0.188629150390625,0.037769317626953125,15,/mnt/ssd/Huawei/20260615/data_collection/group_022/dpct高位机/Bin/frames_index.npz,/mnt/ssd/Huawei/20260615/data_collection/group_022/dpct高位机/Bin/frames.binpack,1280.3619384765625,28695.462890625,46157.4453125
20260615,group_022,dpct高位机,1781512594_114551716.bin,686,1063,2.828166961669922,0.017993927001953125,3.0517578125e-05,0.2687797546386719,0.18804168701171875,0.038631439208984375,15,/mnt/ssd/Huawei/20260615/data_collection/group_022/dpct高位机/Bin/frames_index.npz,/mnt/ssd/Huawei/20260615/data_collection/group_022/dpct高位机/Bin/frames.binpack,1201.914306640625,27694.3125,45744.9609375
20260615,group_022,dpct高位机,1781512594_314490092.bin,687,1063,2.947834014892578,0.017993927001953125,3.0517578125e-05,0.2775230407714844,0.19622802734375,0.04070281982421875,15,/mnt/ssd/Huawei/20260615/data_collection/group_022/dpct高位机/Bin/frames_index.npz,/mnt/ssd/Huawei/20260615/data_collection/group_022/dpct高位机/Bin/frames.binpack,1343.61279296875,28885.455078125,46340.94921875
20260615,group_022,dpct高位机,1781512594_421795894.bin,688,1063,2.7139129638671875,0.017993927001953125,3.0517578125e-05,0.2561836242675781,0.1807708740234375,0.0373382568359375,15,/mnt/ssd/Huawei/20260615/data_collection/group_022/dpct高位机/Bin/frames_index.npz,/mnt/ssd/Huawei/20260615/data_collection/group_022/dpct高位机/Bin/frames.binpack,1196.431640625,27810.578125,46290.05078125
20260615,group_022,dpct高位机,1781512602_384653436.bin,731,1063,2.5906944274902344,0.017993927001953125,3.0517578125e-05,0.24551773071289062,0.17258453369140625,0.034801483154296875,15,/mnt/ssd/Huawei/20260615/data_collection/group_022/dpct高位机/Bin/frames_index.npz,/mnt/ssd/Huawei/20260615/data_collection/group_022/dpct高位机/Bin/frames.binpack,1111.6590576171875,26720.53125,46160.265625
20260615,group_022,dpct高位机,1781512602_485828689.bin,732,1063,2.8308067321777344,0.017993927001953125,3.0517578125e-05,0.26729583740234375,0.18850326538085938,0.038440704345703125,15,/mnt/ssd/Huawei/20260615/data_collection/group_022/dpct高位机/Bin/frames_index.npz,/mnt/ssd/Huawei/20260615/data_collection/group_022/dpct高位机/Bin/frames.binpack,1259.2181396484375,28109.84375,46338.12109375
20260615,group_022,dpct高位机,1781512602_588321318.bin,733,1063,2.827392578125,0.017993927001953125,3.0517578125e-05,0.2676124572753906,0.18818283081054688,0.0381927490234375,15,/mnt/ssd/Huawei/20260615/data_collection/group_022/dpct高位机/Bin/frames_index.npz,/mnt/ssd/Huawei/20260615/data_collection/group_022/dpct高位机/Bin/frames.binpack,1247.64501953125,28428.181640625,46290.05078125
20260615,group_022,dpct高位机,1781512602_905132015.bin,734,1063,2.8245506286621094,0.017993927001953125,3.0517578125e-05,0.265350341796875,0.18791580200195312,0.038188934326171875,15,/mnt/ssd/Huawei/20260615/data_collection/group_022/dpct高位机/Bin/frames_index.npz,/mnt/ssd/Huawei/20260615/data_collection/group_022/dpct高位机/Bin/frames.binpack,1302.654541015625,28837.59375,46340.94921875
20260615,group_022,dpct高位机,1781512603_115143319.bin,735,1063,2.815662384033203,0.017993927001953125,3.0517578125e-05,0.2682037353515625,0.1869964599609375,0.038494110107421875,15,/mnt/ssd/Huawei/20260615/data_collection/group_022/dpct高位机/Bin/frames_index.npz,/mnt/ssd/Huawei/20260615/data_collection/group_022/dpct高位机/Bin/frames.binpack,1192.97314453125,27539.9765625,46335.29296875
20260615,group_022,dpct高位机,1781512603_216003812.bin,736,1063,2.948375701904297,0.017993927001953125,3.0517578125e-05,0.2778129577636719,0.19604110717773438,0.040622711181640625,15,/mnt/ssd/Huawei/20260615/data_collection/group_022/dpct高位机/Bin/frames_index.npz,/mnt/ssd/Huawei/20260615/data_collection/group_022/dpct高位机/Bin/frames.binpack,1349.184326171875,29379.2265625,46340.94921875
20260615,group_022,dpct高位机,1781512603_415087613.bin,737,1063,2.7108116149902344,0.017993927001953125,3.0517578125e-05,0.2548561096191406,0.18039703369140625,0.037708282470703125,15,/mnt/ssd/Huawei/20260615/data_collection/group_022/dpct高位机/Bin/frames_index.npz,/mnt/ssd/Huawei/20260615/data_collection/group_022/dpct高位机/Bin/frames.binpack,1202.303955078125,27570.728515625,46281.55859375
20260615,group_022,dpct高位机,1781512603_515455582.bin,738,1063,0.6000633239746094,0.017993927001953125,3.0517578125e-05,0.054965972900390625,0.039012908935546875,0.0073394775390625,15,/mnt/ssd/Huawei/20260615/data_collection/group_022/dpct高位机/Bin/frames_index.npz,/mnt/ssd/Huawei/20260615/data_collection/group_022/dpct高位机/Bin/frames.binpack,279.5010681152344,10037.28125,45636.5390625
20260615,group_023,dpct高位机,1781512692_555034481.bin,142,1101,2.712677001953125,0.01802825927734375,5.340576171875e-05,0.25583648681640625,0.18059158325195312,0.0370025634765625,15,/mnt/ssd/Huawei/20260615/data_collection/group_023/dpct高位机/Bin/frames_index.npz,/mnt/ssd/Huawei/20260615/data_collection/group_023/dpct高位机/Bin/frames.binpack,1194.4610595703125,27723.279296875,46338.12109375
20260615,group_023,dpct高位机,1781512692_664188012.bin,143,1101,2.821136474609375,0.01802825927734375,5.340576171875e-05,0.2670631408691406,0.18685150146484375,0.037494659423828125,15,/mnt/ssd/Huawei/20260615/data_collection/group_023/dpct高位机/Bin/frames_index.npz,/mnt/ssd/Huawei/20260615/data_collection/group_023/dpct高位机/Bin/frames.binpack,1272.9307861328125,28744.681640625,46335.29296875
20260615,group_023,dpct高位机,1781512692_852211368.bin,144,1101,2.8269271850585938,0.01802825927734375,5.340576171875e-05,0.268829345703125,0.18751144409179688,0.039188385009765625,15,/mnt/ssd/Huawei/20260615/data_collection/group_023/dpct高位机/Bin/frames_index.npz,/mnt/ssd/Huawei/20260615/data_collection/group_023/dpct高位机/Bin/frames.binpack,1219.2286376953125,28046.044921875,45661.515625
20260615,group_023,dpct高位机,1781512692_952175707.bin,145,1101,2.946155548095703,0.01802825927734375,5.340576171875e-05,0.27703094482421875,0.1960906982421875,0.040225982666015625,15,/mnt/ssd/Huawei/20260615/data_collection/group_023/dpct高位机/Bin/frames_index.npz,/mnt/ssd/Huawei/20260615/data_collection/group_023/dpct高位机/Bin/frames.binpack,1339.8994140625,28966.3203125,46340.94921875
20260615,group_023,dpct高位机,1781512693_051988171.bin,146,1101,2.7102317810058594,0.01802825927734375,5.340576171875e-05,0.2552223205566406,0.18053817749023438,0.0374298095703125,15,/mnt/ssd/Huawei/20260615/data_collection/group_023/dpct高位机/Bin/frames_index.npz,/mnt/ssd/Huawei/20260615/data_collection/group_023/dpct高位机/Bin/frames.binpack,1205.459228515625,27800.33203125,46160.28515625
20260615,group_023,dpct高位机,1781512693_251966004.bin,147,1101,2.8224868774414062,0.01802825927734375,5.340576171875e-05,0.266510009765625,0.1876983642578125,0.038116455078125,15,/mnt/ssd/Huawei/20260615/data_collection/group_023/dpct高位机/Bin/frames_index.npz,/mnt/ssd/Huawei/20260615/data_collection/group_023/dpct高位机/Bin/frames.binpack,1281.75048828125,28909.609375,46290.05078125
20260615,group_023,dpct高位机,1781512693_351939464.bin,148,1101,2.817096710205078,0.01802825927734375,5.340576171875e-05,0.26784515380859375,0.18749618530273438,0.03832244873046875,15,/mnt/ssd/Huawei/20260615/data_collection/group_023/dpct高位机/Bin/frames_index.npz,/mnt/ssd/Huawei/20260615/data_collection/group_023/dpct高位机/Bin/frames.binpack,1201.274658203125,27646.59765625,46151.671875
20260615,group_023,dpct高位机,1781512693_452186819.bin,149,1101,2.9459228515625,0.01802825927734375,5.340576171875e-05,0.2768821716308594,0.19588088989257812,0.040393829345703125,15,/mnt/ssd/Huawei/20260615/data_collection/group_023/dpct高位机/Bin/frames_index.npz,/mnt/ssd/Huawei/20260615/data_collection/group_023/dpct高位机/Bin/frames.binpack,1343.3265380859375,29202.365234375,46298.54296875
20260615,group_023,dpct高位机,1781512693_552706341.bin,150,1101,1.4207000732421875,0.01802825927734375,5.340576171875e-05,0.133575439453125,0.09375,0.019012451171875,15,/mnt/ssd/Huawei/20260615/data_collection/group_023/dpct高位机/Bin/frames_index.npz,/mnt/ssd/Huawei/20260615/data_collection/group_023/dpct高位机/Bin/frames.binpack,620.7888793945312,18614.876953125,46338.12109375
20260615,group_023,dpct高位机,1781512773_646009865.bin,909,1101,0.37114715576171875,0.01802825927734375,5.340576171875e-05,0.03343963623046875,0.02375030517578125,0.004695892333984375,15,/mnt/ssd/Huawei/20260615/data_collection/group_023/dpct高位机/Bin/frames_index.npz,/mnt/ssd/Huawei/20260615/data_collection/group_023/dpct高位机/Bin/frames.binpack,156.3587188720703,3117.8310546875,45597.578125
20260615,group_023,dpct高位机,1781512786_643805811.bin,1017,1101,0.13382720947265625,0.01802825927734375,5.340576171875e-05,0.011627197265625,0.0078125,0.000850677490234375,15,/mnt/ssd/Huawei/20260615/data_collection/group_023/dpct高位机/Bin/frames_index.npz,/mnt/ssd/Huawei/20260615/data_collection/group_023/dpct高位机/Bin/frames.binpack,47.37400436401367,26.94548988342285,45621.16015625
20260615,group_024,dpct高位机,1781512857_404867699.bin,196,1148,2.9475059509277344,0.018047332763671875,5.7220458984375e-05,0.2757225036621094,0.19673919677734375,0.0412139892578125,15,/mnt/ssd/Huawei/20260615/data_collection/group_024/dpct高位机/Bin/frames_index.npz,/mnt/ssd/Huawei/20260615/data_collection/group_024/dpct高位机/Bin/frames.binpack,1366.0001220703125,29302.361328125,46340.94921875
20260615,group_024,dpct高位机,1781512857_603540366.bin,197,1148,2.713359832763672,0.018047332763671875,5.7220458984375e-05,0.2541847229003906,0.1804351806640625,0.0389862060546875,15,/mnt/ssd/Huawei/20260615/data_collection/group_024/dpct高位机/Bin/frames_index.npz,/mnt/ssd/Huawei/20260615/data_collection/group_024/dpct高位机/Bin/frames.binpack,1250.492919921875,28683.59375,46160.265625
20260615,group_024,dpct高位机,1781512857_803594379.bin,198,1148,2.8322410583496094,0.018047332763671875,5.7220458984375e-05,0.2657814025878906,0.18869400024414062,0.039707183837890625,15,/mnt/ssd/Huawei/20260615/data_collection/group_024/dpct高位机/Bin/frames_index.npz,/mnt/ssd/Huawei/20260615/data_collection/group_024/dpct高位机/Bin/frames.binpack,1325.3763427734375,29165.38671875,45974.6796875
20260615,group_024,dpct高位机,1781512857_903543016.bin,199,1148,2.8232650756835938,0.018047332763671875,5.7220458984375e-05,0.26703643798828125,0.187896728515625,0.039020538330078125,15,/mnt/ssd/Huawei/20260615/data_collection/group_024/dpct高位机/Bin/frames_index.npz,/mnt/ssd/Huawei/20260615/data_collection/group_024/dpct高位机/Bin/frames.binpack,1225.5206298828125,28180.56640625,46295.7109375
20260615,group_024,dpct高位机,1781512858_103477347.bin,200,1148,2.9580612182617188,0.018047332763671875,5.7220458984375e-05,0.2761192321777344,0.197418212890625,0.04239654541015625,15,/mnt/ssd/Huawei/20260615/data_collection/group_024/dpct高位机/Bin/frames_index.npz,/mnt/ssd/Huawei/20260615/data_collection/group_024/dpct高位机/Bin/frames.binpack,1397.928955078125,29715.67578125,46329.63671875
20260615,group_024,dpct高位机,1781512858_203690343.bin,201,1148,2.7145957946777344,0.018047332763671875,5.7220458984375e-05,0.254364013671875,0.180419921875,0.03914642333984375,15,/mnt/ssd/Huawei/20260615/data_collection/group_024/dpct高位机/Bin/frames_index.npz,/mnt/ssd/Huawei/20260615/data_collection/group_024/dpct高位机/Bin/frames.binpack,1250.7698974609375,28633.08984375,46312.67578125
20260615,group_024,dpct高位机,1781512858_403514687.bin,202,1148,2.8374595642089844,0.018047332763671875,5.7220458984375e-05,0.2659454345703125,0.18912124633789062,0.040069580078125,15,/mnt/ssd/Huawei/20260615/data_collection/group_024/dpct高位机/Bin/frames_index.npz,/mnt/ssd/Huawei/20260615/data_collection/group_024/dpct高位机/Bin/frames.binpack,1333.4739990234375,29389.46484375,46338.12109375
20260615,group_024,dpct高位机,1781512858_504354259.bin,203,1148,2.843708038330078,0.018047332763671875,5.7220458984375e-05,0.2687225341796875,0.18976593017578125,0.0403900146484375,15,/mnt/ssd/Huawei/20260615/data_collection/group_024/dpct高位机/Bin/frames_index.npz,/mnt/ssd/Huawei/20260615/data_collection/group_024/dpct高位机/Bin/frames.binpack,1252.5469970703125,28384.263671875,45970.4375
20260615,group_024,dpct高位机,1781512858_603684673.bin,204,1148,2.9518089294433594,0.018047332763671875,5.7220458984375e-05,0.27645111083984375,0.19691085815429688,0.0417938232421875,15,/mnt/ssd/Huawei/20260615/data_collection/group_024/dpct高位机/Bin/frames_index.npz,/mnt/ssd/Huawei/20260615/data_collection/group_024/dpct高位机/Bin/frames.binpack,1369.079345703125,29432.134765625,46340.94921875
20260615,group_024,dpct高位机,1781512858_703818786.bin,205,1148,2.7121047973632812,0.018047332763671875,5.7220458984375e-05,0.2550086975097656,0.18005752563476562,0.038265228271484375,15,/mnt/ssd/Huawei/20260615/data_collection/group_024/dpct高位机/Bin/frames_index.npz,/mnt/ssd/Huawei/20260615/data_collection/group_024/dpct高位机/Bin/frames.binpack,1230.879638671875,28456.921875,46284.390625
20260615,group_024,dpct高位机,1781512858_803564826.bin,206,1148,1.1909523010253906,0.018047332763671875,5.7220458984375e-05,0.1118621826171875,0.07807540893554688,0.016147613525390625,15,/mnt/ssd/Huawei/20260615/data_collection/group_024/dpct高位机/Bin/frames_index.npz,/mnt/ssd/Huawei/20260615/data_collection/group_024/dpct高位机/Bin/frames.binpack,538.1591796875,17325.560546875,45785.48828125
20260615,group_026,dpct高位机,1781514936_593395713.bin,0,1148,2.8321380615234375,0.018367767333984375,8.392333984375e-05,0.2662467956542969,0.18862533569335938,0.0379486083984375,15,/mnt/ssd/Huawei/20260615/data_collection/group_026/dpct高位机/Bin/frames_index.npz,/mnt/ssd/Huawei/20260615/data_collection/group_026/dpct高位机/Bin/frames.binpack,1302.5611572265625,28867.455078125,46340.94921875
20260615,group_026,dpct高位机,1781514936_695000918.bin,1,1148,2.9498558044433594,0.018367767333984375,8.392333984375e-05,0.27832794189453125,0.19655227661132812,0.040538787841796875,15,/mnt/ssd/Huawei/20260615/data_collection/group_026/dpct高位机/Bin/frames_index.npz,/mnt/ssd/Huawei/20260615/data_collection/group_026/dpct高位机/Bin/frames.binpack,1325.482421875,28873.701171875,46290.05078125
20260615,group_026,dpct高位机,1781514936_795200186.bin,2,1148,2.8289337158203125,0.018367767333984375,8.392333984375e-05,0.2662353515625,0.188079833984375,0.0407257080078125,15,/mnt/ssd/Huawei/20260615/data_collection/group_026/dpct高位机/Bin/frames_index.npz,/mnt/ssd/Huawei/20260615/data_collection/group_026/dpct高位机/Bin/frames.binpack,1262.6942138671875,28451.240234375,46340.94921875
20260615,group_026,dpct高位机,1781514936_895097275.bin,3,1148,2.8280982971191406,0.018367767333984375,8.392333984375e-05,0.264434814453125,0.1883392333984375,0.0395355224609375,15,/mnt/ssd/Huawei/20260615/data_collection/group_026/dpct高位机/Bin/frames_index.npz,/mnt/ssd/Huawei/20260615/data_collection/group_026/dpct高位机/Bin/frames.binpack,1339.64208984375,29422.1875,45984.5703125
20260615,group_026,dpct高位机,1781514936_995107740.bin,4,1148,2.706939697265625,0.018367767333984375,8.392333984375e-05,0.2556495666503906,0.17978286743164062,0.037670135498046875,15,/mnt/ssd/Huawei/20260615/data_collection/group_026/dpct高位机/Bin/frames_index.npz,/mnt/ssd/Huawei/20260615/data_collection/group_026/dpct高位机/Bin/frames.binpack,1197.8211669921875,28053.58203125,46292.8828125
20260615,group_026,dpct高位机,1781514937_095147423.bin,5,1148,2.9440155029296875,0.018367767333984375,8.392333984375e-05,0.2774925231933594,0.19575119018554688,0.040374755859375,15,/mnt/ssd/Huawei/20260615/data_collection/group_026/dpct高位机/Bin/frames_index.npz,/mnt/ssd/Huawei/20260615/data_collection/group_026/dpct高位机/Bin/frames.binpack,1326.6751708984375,28993.435546875,46335.29296875
20260615,group_026,dpct高位机,1781514937_195905002.bin,6,1148,2.8323707580566406,0.018367767333984375,8.392333984375e-05,0.265869140625,0.18874359130859375,0.04074859619140625,15,/mnt/ssd/Huawei/20260615/data_collection/group_026/dpct高位机/Bin/frames_index.npz,/mnt/ssd/Huawei/20260615/data_collection/group_026/dpct高位机/Bin/frames.binpack,1260.009033203125,28389.90234375,46338.12109375
20260615,group_026,dpct高位机,1781514937_297265501.bin,7,1148,2.719829559326172,0.018367767333984375,8.392333984375e-05,0.2568016052246094,0.18133926391601562,0.037822723388671875,15,/mnt/ssd/Huawei/20260615/data_collection/group_026/dpct高位机/Bin/frames_index.npz,/mnt/ssd/Huawei/20260615/data_collection/group_026/dpct高位机/Bin/frames.binpack,1201.024169921875,27856.4921875,46340.94921875
20260615,group_026,dpct高位机,1781514937_396478613.bin,8,1148,2.948040008544922,0.018367767333984375,8.392333984375e-05,0.2775077819824219,0.19625091552734375,0.0416259765625,15,/mnt/ssd/Huawei/20260615/data_collection/group_026/dpct高位机/Bin/frames_index.npz,/mnt/ssd/Huawei/20260615/data_collection/group_026/dpct高位机/Bin/frames.binpack,1310.7723388671875,28762.60546875,46340.94921875
20260615,group_026,dpct高位机,1781514937_496456855.bin,9,1148,2.830963134765625,0.018367767333984375,8.392333984375e-05,0.26436614990234375,0.18822097778320312,0.04059600830078125,15,/mnt/ssd/Huawei/20260615/data_collection/group_026/dpct高位机/Bin/frames_index.npz,/mnt/ssd/Huawei/20260615/data_collection/group_026/dpct高位机/Bin/frames.binpack,1320.8485107421875,29132.703125,46338.12109375
20260615,group_026,dpct高位机,1781514937_596506330.bin,10,1148,2.717906951904297,0.018367767333984375,8.392333984375e-05,0.25514984130859375,0.1806488037109375,0.03731536865234375,15,/mnt/ssd/Huawei/20260615/data_collection/group_026/dpct高位机/Bin/frames_index.npz,/mnt/ssd/Huawei/20260615/data_collection/group_026/dpct高位机/Bin/frames.binpack,1249.21484375,28675.34375,46163.1015625
20260615,group_026,dpct高位机,1781514937_696580637.bin,11,1148,2.83184814453125,0.018367767333984375,8.392333984375e-05,0.26824188232421875,0.18830490112304688,0.03885650634765625,15,/mnt/ssd/Huawei/20260615/data_collection/group_026/dpct高位机/Bin/frames_index.npz,/mnt/ssd/Huawei/20260615/data_collection/group_026/dpct高位机/Bin/frames.binpack,1253.6943359375,28395.775390625,46338.12109375
20260615,group_026,dpct高位机,1781514937_798067441.bin,12,1148,2.9457626342773438,0.018367767333984375,8.392333984375e-05,0.2775421142578125,0.19612503051757812,0.041805267333984375,15,/mnt/ssd/Huawei/20260615/data_collection/group_026/dpct高位机/Bin/frames_index.npz,/mnt/ssd/Huawei/20260615/data_collection/group_026/dpct高位机/Bin/frames.binpack,1316.518798828125,28835.46875,46338.12109375
20260615,group_026,dpct高位机,1781514937_899496197.bin,13,1148,0.3707542419433594,0.018367767333984375,8.392333984375e-05,0.033077239990234375,0.02362060546875,0.00501251220703125,15,/mnt/ssd/Huawei/20260615/data_collection/group_026/dpct高位机/Bin/frames_index.npz,/mnt/ssd/Huawei/20260615/data_collection/group_026/dpct高位机/Bin/frames.binpack,162.2202911376953,3484.02734375,45803.90625
20260615,group_026,dpct高位机,1781514954_608123515.bin,145,1148,2.4815216064453125,0.018367767333984375,8.392333984375e-05,0.23546600341796875,0.16496658325195312,0.03414154052734375,15,/mnt/ssd/Huawei/20260615/data_collection/group_026/dpct高位机/Bin/frames_index.npz,/mnt/ssd/Huawei/20260615/data_collection/group_026/dpct高位机/Bin/frames.binpack,1056.263916015625,25654.908203125,46338.12109375
20260615,group_026,dpct高位机,1781514954_700394534.bin,146,1148,0.369903564453125,0.018367767333984375,8.392333984375e-05,0.033504486083984375,0.02346038818359375,0.004634857177734375,15,/mnt/ssd/Huawei/20260615/data_collection/group_026/dpct高位机/Bin/frames_index.npz,/mnt/ssd/Huawei/20260615/data_collection/group_026/dpct高位机/Bin/frames.binpack,156.4716339111328,3263.28515625,44916.1484375
20260615,group_027,dpct高位机,1781515156_627431244.bin,493,1108,2.8307342529296875,0.01824951171875,5.340576171875e-05,0.2663116455078125,0.188262939453125,0.039463043212890625,15,/mnt/ssd/Huawei/20260615/data_collection/group_027/dpct高位机/Bin/frames_index.npz,/mnt/ssd/Huawei/20260615/data_collection/group_027/dpct高位机/Bin/frames.binpack,1284.191162109375,28807.474609375,46290.05078125
20260615,group_027,dpct高位机,1781515157_553063744.bin,495,1108,2.948619842529297,0.01824951171875,5.340576171875e-05,0.2756195068359375,0.19647979736328125,0.042011260986328125,15,/mnt/ssd/Huawei/20260615/data_collection/group_027/dpct高位机/Bin/frames_index.npz,/mnt/ssd/Huawei/20260615/data_collection/group_027/dpct高位机/Bin/frames.binpack,1380.9378662109375,29467.38671875,46321.15625
20260615,group_027,dpct高位机,1781515157_754106188.bin,496,1108,2.7203292846679688,0.01824951171875,5.340576171875e-05,0.25402069091796875,0.18106842041015625,0.03973388671875,15,/mnt/ssd/Huawei/20260615/data_collection/group_027/dpct高位机/Bin/frames_index.npz,/mnt/ssd/Huawei/20260615/data_collection/group_027/dpct高位机/Bin/frames.binpack,1262.6923828125,28674.830078125,46340.94921875
20260615,group_027,dpct高位机,1781515158_022402559.bin,497,1108,2.713848114013672,0.01824951171875,5.340576171875e-05,0.2562141418457031,0.18022537231445312,0.0370635986328125,15,/mnt/ssd/Huawei/20260615/data_collection/group_027/dpct高位机/Bin/frames_index.npz,/mnt/ssd/Huawei/20260615/data_collection/group_027/dpct高位机/Bin/frames.binpack,1229.8074951171875,28430.99609375,46338.12109375
20260615,group_027,dpct高位机,1781515158_546313474.bin,498,1108,2.9491539001464844,0.01824951171875,5.340576171875e-05,0.2778434753417969,0.19593048095703125,0.042011260986328125,15,/mnt/ssd/Huawei/20260615/data_collection/group_027/dpct高位机/Bin/frames_index.npz,/mnt/ssd/Huawei/20260615/data_collection/group_027/dpct高位机/Bin/frames.binpack,1309.825439453125,28912.419921875,46338.12109375
20260615,group_027,dpct高位机,1781515158_647724324.bin,499,1108,2.840679168701172,0.01824951171875,5.340576171875e-05,0.266845703125,0.18950653076171875,0.03955841064453125,15,/mnt/ssd/Huawei/20260615/data_collection/group_027/dpct高位机/Bin/frames_index.npz,/mnt/ssd/Huawei/20260615/data_collection/group_027/dpct高位机/Bin/frames.binpack,1324.9375,29306.765625,46290.05078125
20260615,group_027,dpct高位机,1781515158_748482813.bin,500,1108,0.3687324523925781,0.01824951171875,5.340576171875e-05,0.03299713134765625,0.023471832275390625,0.004932403564453125,15,/mnt/ssd/Huawei/20260615/data_collection/group_027/dpct高位机/Bin/frames_index.npz,/mnt/ssd/Huawei/20260615/data_collection/group_027/dpct高位机/Bin/frames.binpack,160.49429321289062,3214.817138671875,45614.26953125
20260615,group_027,dpct高位机,1781515213_820183216.bin,999,1108,2.4790802001953125,0.01824951171875,5.340576171875e-05,0.2336883544921875,0.16414260864257812,0.034297943115234375,15,/mnt/ssd/Huawei/20260615/data_collection/group_027/dpct高位机/Bin/frames_index.npz,/mnt/ssd/Huawei/20260615/data_collection/group_027/dpct高位机/Bin/frames.binpack,1104.97216796875,26819.619140625,46165.921875
20260615,group_027,dpct高位机,1781515214_435194506.bin,1001,1108,2.5959625244140625,0.01824951171875,5.340576171875e-05,0.24311065673828125,0.1728668212890625,0.03626251220703125,15,/mnt/ssd/Huawei/20260615/data_collection/group_027/dpct高位机/Bin/frames_index.npz,/mnt/ssd/Huawei/20260615/data_collection/group_027/dpct高位机/Bin/frames.binpack,1196.1646728515625,28450.267578125,46338.12109375
20260615,group_027,dpct高位机,1781515214_535161000.bin,1002,1108,2.834217071533203,0.01824951171875,5.340576171875e-05,0.2669944763183594,0.18814468383789062,0.038494110107421875,15,/mnt/ssd/Huawei/20260615/data_collection/group_027/dpct高位机/Bin/frames_index.npz,/mnt/ssd/Huawei/20260615/data_collection/group_027/dpct高位机/Bin/frames.binpack,1297.792724609375,28834.23828125,46295.7109375
20260615,group_027,dpct高位机,1781515214_635293928.bin,1003,1108,2.8290977478027344,0.01824951171875,5.340576171875e-05,0.2680511474609375,0.1881561279296875,0.038951873779296875,15,/mnt/ssd/Huawei/20260615/data_collection/group_027/dpct高位机/Bin/frames_index.npz,/mnt/ssd/Huawei/20260615/data_collection/group_027/dpct高位机/Bin/frames.binpack,1211.1097412109375,27486.099609375,46332.46484375
20260615,group_027,dpct高位机,1781515214_736296500.bin,1004,1108,2.835247039794922,0.01824951171875,5.340576171875e-05,0.2667045593261719,0.1884613037109375,0.0397186279296875,15,/mnt/ssd/Huawei/20260615/data_collection/group_027/dpct高位机/Bin/frames_index.npz,/mnt/ssd/Huawei/20260615/data_collection/group_027/dpct高位机/Bin/frames.binpack,1288.1700439453125,28852.15234375,46298.54296875
20260615,group_027,dpct高位机,1781515214_838365293.bin,1005,1108,2.9451370239257812,0.01824951171875,5.340576171875e-05,0.2779884338378906,0.19576263427734375,0.040008544921875,15,/mnt/ssd/Huawei/20260615/data_collection/group_027/dpct高位机/Bin/frames_index.npz,/mnt/ssd/Huawei/20260615/data_collection/group_027/dpct高位机/Bin/frames.binpack,1321.74462890625,28847.673828125,46163.1015625
20260615,group_027,dpct高位机,1781515214_942558147.bin,1006,1108,2.8401260375976562,0.01824951171875,5.340576171875e-05,0.2669715881347656,0.18860626220703125,0.039897918701171875,15,/mnt/ssd/Huawei/20260615/data_collection/group_027/dpct高位机/Bin/frames_index.npz,/mnt/ssd/Huawei/20260615/data_collection/group_027/dpct高位机/Bin/frames.binpack,1295.879638671875,28858.37109375,46035.6328125
20260615,group_027,dpct高位机,1781515215_046074767.bin,1007,1108,2.9477157592773438,0.01824951171875,5.340576171875e-05,0.27860260009765625,0.19646072387695312,0.0411529541015625,15,/mnt/ssd/Huawei/20260615/data_collection/group_027/dpct高位机/Bin/frames_index.npz,/mnt/ssd/Huawei/20260615/data_collection/group_027/dpct高位机/Bin/frames.binpack,1302.0753173828125,28731.478515625,46338.12109375
20260615,group_027,dpct高位机,1781515215_148040072.bin,1008,1108,0.3704795837402344,0.01824951171875,5.340576171875e-05,0.033294677734375,0.023715972900390625,0.00482940673828125,15,/mnt/ssd/Huawei/20260615/data_collection/group_027/dpct高位机/Bin/frames_index.npz,/mnt/ssd/Huawei/20260615/data_collection/group_027/dpct高位机/Bin/frames.binpack,158.07395935058594,3167.612548828125,45655.77734375
20260615,group_028,dpct高位机,1781515299_478899720.bin,0,1177,2.8206443786621094,0.01830291748046875,5.7220458984375e-05,0.2657051086425781,0.1876678466796875,0.038845062255859375,15,/mnt/ssd/Huawei/20260615/data_collection/group_028/dpct高位机/Bin/frames_index.npz,/mnt/ssd/Huawei/20260615/data_collection/group_028/dpct高位机/Bin/frames.binpack,1274.5771484375,28691.830078125,46338.12109375
20260615,group_028,dpct高位机,1781515299_579372655.bin,1,1177,2.8351058959960938,0.01830291748046875,5.7220458984375e-05,0.26663970947265625,0.18897628784179688,0.040027618408203125,15,/mnt/ssd/Huawei/20260615/data_collection/group_028/dpct高位机/Bin/frames_index.npz,/mnt/ssd/Huawei/20260615/data_collection/group_028/dpct高位机/Bin/frames.binpack,1283.3919677734375,28657.958984375,46157.46875
20260615,group_028,dpct高位机,1781515299_681549843.bin,2,1177,4.831878662109375,0.01830291748046875,5.7220458984375e-05,0.45836639404296875,0.32303619384765625,0.06722640991210938,15,/mnt/ssd/Huawei/20260615/data_collection/group_028/dpct高位机/Bin/frames_index.npz,/mnt/ssd/Huawei/20260615/data_collection/group_028/dpct高位机/Bin/frames.binpack,2140.322265625,32162.490234375,46318.328125
20260615,group_028,dpct高位机,1781515299_781298753.bin,3,1177,2.9540748596191406,0.01830291748046875,5.7220458984375e-05,0.2783088684082031,0.19671630859375,0.042407989501953125,15,/mnt/ssd/Huawei/20260615/data_collection/group_028/dpct高位机/Bin/frames_index.npz,/mnt/ssd/Huawei/20260615/data_collection/group_028/dpct高位机/Bin/frames.binpack,1325.7535400390625,28974.146484375,46329.63671875
20260615,group_028,dpct高位机,1781515299_881296089.bin,4,1177,2.8322067260742188,0.01830291748046875,5.7220458984375e-05,0.2643623352050781,0.18878555297851562,0.040439605712890625,15,/mnt/ssd/Huawei/20260615/data_collection/group_028/dpct高位机/Bin/frames_index.npz,/mnt/ssd/Huawei/20260615/data_collection/group_028/dpct高位机/Bin/frames.binpack,1322.7401123046875,28970.1328125,46338.12109375
20260615,group_028,dpct高位机,1781515299_984164304.bin,5,1177,0.37035369873046875,0.01830291748046875,5.7220458984375e-05,0.032955169677734375,0.02378082275390625,0.005100250244140625,15,/mnt/ssd/Huawei/20260615/data_collection/group_028/dpct高位机/Bin/frames_index.npz,/mnt/ssd/Huawei/20260615/data_collection/group_028/dpct高位机/Bin/frames.binpack,164.97067260742188,3382.2490234375,45838.7890625
20260615,group_029,dpct高位机,1781515455_007414173.bin,0,1118,2.725811004638672,0.01825714111328125,5.340576171875e-05,0.2556304931640625,0.18149566650390625,0.037746429443359375,15,/mnt/ssd/Huawei/20260615/data_collection/group_029/dpct高位机/Bin/frames_index.npz,/mnt/ssd/Huawei/20260615/data_collection/group_029/dpct高位机/Bin/frames.binpack,1262.7808837890625,28624.619140625,46335.29296875
20260615,group_029,dpct高位机,1781515455_107969721.bin,1,1118,5.075405120849609,0.01825714111328125,5.340576171875e-05,0.47747802734375,0.339080810546875,0.07160568237304688,15,/mnt/ssd/Huawei/20260615/data_collection/group_029/dpct高位机/Bin/frames_index.npz,/mnt/ssd/Huawei/20260615/data_collection/group_029/dpct高位机/Bin/frames.binpack,2336.682373046875,32716.208984375,46335.29296875
20260615,group_029,dpct高位机,1781515455_207907973.bin,2,1118,2.7289047241210938,0.01825714111328125,5.340576171875e-05,0.2555046081542969,0.18164443969726562,0.039104461669921875,15,/mnt/ssd/Huawei/20260615/data_collection/group_029/dpct高位机/Bin/frames_index.npz,/mnt/ssd/Huawei/20260615/data_collection/group_029/dpct高位机/Bin/frames.binpack,1255.5267333984375,28834.79296875,46298.54296875
20260615,group_029,dpct高位机,1781515455_308200671.bin,3,1118,2.8372459411621094,0.01825714111328125,5.340576171875e-05,0.26697540283203125,0.1887054443359375,0.038501739501953125,15,/mnt/ssd/Huawei/20260615/data_collection/group_029/dpct高位机/Bin/frames_index.npz,/mnt/ssd/Huawei/20260615/data_collection/group_029/dpct高位机/Bin/frames.binpack,1310.8218994140625,28926.462890625,46295.7109375
20260615,group_029,dpct高位机,1781515455_408755324.bin,4,1118,2.8370513916015625,0.01825714111328125,5.340576171875e-05,0.2665596008300781,0.18893051147460938,0.039615631103515625,15,/mnt/ssd/Huawei/20260615/data_collection/group_029/dpct高位机/Bin/frames_index.npz,/mnt/ssd/Huawei/20260615/data_collection/group_029/dpct高位机/Bin/frames.binpack,1290.525146484375,28903.939453125,45984.56640625
20260615,group_029,dpct高位机,1781515455_508796917.bin,5,1118,2.8306045532226562,0.01825714111328125,5.340576171875e-05,0.2661781311035156,0.18814849853515625,0.039760589599609375,15,/mnt/ssd/Huawei/20260615/data_collection/group_029/dpct高位机/Bin/frames_index.npz,/mnt/ssd/Huawei/20260615/data_collection/group_029/dpct高位机/Bin/frames.binpack,1294.85498046875,28858.421875,46284.390625
20260615,group_029,dpct高位机,1781515455_612814426.bin,6,1118,2.833904266357422,0.01825714111328125,5.340576171875e-05,0.2663154602050781,0.18864059448242188,0.039417266845703125,15,/mnt/ssd/Huawei/20260615/data_collection/group_029/dpct高位机/Bin/frames_index.npz,/mnt/ssd/Huawei/20260615/data_collection/group_029/dpct高位机/Bin/frames.binpack,1279.4151611328125,28712.71875,46338.12109375
20260615,group_029,dpct高位机,1781515455_714250827.bin,7,1118,2.8410301208496094,0.01825714111328125,5.340576171875e-05,0.26711273193359375,0.18951034545898438,0.039897918701171875,15,/mnt/ssd/Huawei/20260615/data_collection/group_029/dpct高位机/Bin/frames_index.npz,/mnt/ssd/Huawei/20260615/data_collection/group_029/dpct高位机/Bin/frames.binpack,1286.283447265625,28733.76171875,46338.12109375
20260615,group_029,dpct高位机,1781515456_418629414.bin,14,1118,2.4880752563476562,0.01825714111328125,5.340576171875e-05,0.23327255249023438,0.16572952270507812,0.034671783447265625,15,/mnt/ssd/Huawei/20260615/data_collection/group_029/dpct高位机/Bin/frames_index.npz,/mnt/ssd/Huawei/20260615/data_collection/group_029/dpct高位机/Bin/frames.binpack,1132.820556640625,27606.701171875,46146.03125
20260615,group_029,dpct高位机,1781515456_519072161.bin,15,1118,2.719738006591797,0.01825714111328125,5.340576171875e-05,0.2547950744628906,0.18075180053710938,0.03865814208984375,15,/mnt/ssd/Huawei/20260615/data_collection/group_029/dpct高位机/Bin/frames_index.npz,/mnt/ssd/Huawei/20260615/data_collection/group_029/dpct高位机/Bin/frames.binpack,1237.939208984375,28322.943359375,46340.94921875
20260615,group_029,dpct高位机,1781515456_618881928.bin,16,1118,2.8357696533203125,0.01825714111328125,5.340576171875e-05,0.265838623046875,0.18896484375,0.039699554443359375,15,/mnt/ssd/Huawei/20260615/data_collection/group_029/dpct高位机/Bin/frames_index.npz,/mnt/ssd/Huawei/20260615/data_collection/group_029/dpct高位机/Bin/frames.binpack,1284.87841796875,28683.58984375,46338.12109375
20260615,group_029,dpct高位机,1781515456_718901547.bin,17,1118,2.8336143493652344,0.01825714111328125,5.340576171875e-05,0.2680320739746094,0.18840789794921875,0.039516448974609375,15,/mnt/ssd/Huawei/20260615/data_collection/group_029/dpct高位机/Bin/frames_index.npz,/mnt/ssd/Huawei/20260615/data_collection/group_029/dpct高位机/Bin/frames.binpack,1229.6358642578125,28297.58203125,46295.7109375
20260615,group_029,dpct高位机,1781515456_819642125.bin,18,1118,2.9541091918945312,0.01825714111328125,5.340576171875e-05,0.2767486572265625,0.1967315673828125,0.0416412353515625,15,/mnt/ssd/Huawei/20260615/data_collection/group_029/dpct高位机/Bin/frames_index.npz,/mnt/ssd/Huawei/20260615/data_collection/group_029/dpct高位机/Bin/frames.binpack,1372.5533447265625,29506.763671875,46165.921875
20260615,group_029,dpct高位机,1781515456_919230679.bin,19,1118,2.9519424438476562,0.01825714111328125,5.340576171875e-05,0.2783622741699219,0.19660568237304688,0.041286468505859375,15,/mnt/ssd/Huawei/20260615/data_collection/group_029/dpct高位机/Bin/frames_index.npz,/mnt/ssd/Huawei/20260615/data_collection/group_029/dpct高位机/Bin/frames.binpack,1307.1964111328125,28692.353515625,46239.2265625
20260615,group_029,dpct高位机,1781515457_019386313.bin,20,1118,2.8245697021484375,0.01825714111328125,5.340576171875e-05,0.2654151916503906,0.18810653686523438,0.038738250732421875,15,/mnt/ssd/Huawei/20260615/data_collection/group_029/dpct高位机/Bin/frames_index.npz,/mnt/ssd/Huawei/20260615/data_collection/group_029/dpct高位机/Bin/frames.binpack,1310.9293212890625,29009.189453125,46332.46484375
20260615,group_029,dpct高位机,1781515457_120127960.bin,21,1118,2.838878631591797,0.01825714111328125,5.340576171875e-05,0.26818084716796875,0.18894577026367188,0.04029083251953125,15,/mnt/ssd/Huawei/20260615/data_collection/group_029/dpct高位机/Bin/frames_index.npz,/mnt/ssd/Huawei/20260615/data_collection/group_029/dpct高位机/Bin/frames.binpack,1247.22119140625,28393.345703125,46340.94921875
20260615,group_029,dpct高位机,1781515457_222750078.bin,22,1118,2.8435745239257812,0.01825714111328125,5.340576171875e-05,0.2646522521972656,0.1898345947265625,0.04071807861328125,15,/mnt/ssd/Huawei/20260615/data_collection/group_029/dpct高位机/Bin/frames_index.npz,/mnt/ssd/Huawei/20260615/data_collection/group_029/dpct高位机/Bin/frames.binpack,1357.1859130859375,29622.494140625,46338.12109375
20260615,group_029,dpct高位机,1781515457_323578295.bin,23,1118,2.847900390625,0.01825714111328125,5.340576171875e-05,0.2666511535644531,0.18983840942382812,0.03969573974609375,15,/mnt/ssd/Huawei/20260615/data_collection/group_029/dpct高位机/Bin/frames_index.npz,/mnt/ssd/Huawei/20260615/data_collection/group_029/dpct高位机/Bin/frames.binpack,1327.44677734375,29099.439453125,46338.12109375
20260615,group_029,dpct高位机,1781515457_423595207.bin,24,1118,2.8384056091308594,0.01825714111328125,5.340576171875e-05,0.26806640625,0.18901443481445312,0.03985595703125,15,/mnt/ssd/Huawei/20260615/data_collection/group_029/dpct高位机/Bin/frames_index.npz,/mnt/ssd/Huawei/20260615/data_collection/group_029/dpct高位机/Bin/frames.binpack,1241.972412109375,28403.48046875,46340.94921875
20260615,group_029,dpct高位机,1781515457_524672770.bin,25,1118,2.9595565795898438,0.01825714111328125,5.340576171875e-05,0.27829742431640625,0.19762039184570312,0.042484283447265625,15,/mnt/ssd/Huawei/20260615/data_collection/group_029/dpct高位机/Bin/frames_index.npz,/mnt/ssd/Huawei/20260615/data_collection/group_029/dpct高位机/Bin/frames.binpack,1341.4464111328125,29115.189453125,46338.12109375
20260615,group_029,dpct高位机,1781515457_631170980.bin,26,1118,2.8389511108398438,0.01825714111328125,5.340576171875e-05,0.2685394287109375,0.18882369995117188,0.039882659912109375,15,/mnt/ssd/Huawei/20260615/data_collection/group_029/dpct高位机/Bin/frames_index.npz,/mnt/ssd/Huawei/20260615/data_collection/group_029/dpct高位机/Bin/frames.binpack,1236.9508056640625,28324.177734375,46340.94921875
20260615,group_029,dpct高位机,1781515457_731234202.bin,27,1118,0.37174224853515625,0.01825714111328125,5.340576171875e-05,0.03337860107421875,0.02370452880859375,0.00493621826171875,15,/mnt/ssd/Huawei/20260615/data_collection/group_029/dpct高位机/Bin/frames_index.npz,/mnt/ssd/Huawei/20260615/data_collection/group_029/dpct高位机/Bin/frames.binpack,161.94198608398438,3437.486328125,45626.86328125
20260615,group_029,dpct高位机,1781515481_497046656.bin,236,1118,2.4821090698242188,0.01825714111328125,5.340576171875e-05,0.23340988159179688,0.16484832763671875,0.03558349609375,15,/mnt/ssd/Huawei/20260615/data_collection/group_029/dpct高位机/Bin/frames_index.npz,/mnt/ssd/Huawei/20260615/data_collection/group_029/dpct高位机/Bin/frames.binpack,1101.2239990234375,26730.240234375,46168.71875
20260615,group_029,dpct高位机,1781515481_597947804.bin,237,1118,2.8285179138183594,0.01825714111328125,5.340576171875e-05,0.2648582458496094,0.18841552734375,0.038837432861328125,15,/mnt/ssd/Huawei/20260615/data_collection/group_029/dpct高位机/Bin/frames_index.npz,/mnt/ssd/Huawei/20260615/data_collection/group_029/dpct高位机/Bin/frames.binpack,1321.2086181640625,29085.263671875,46253.26953125
20260615,group_029,dpct高位机,1781515481_703215938.bin,238,1118,2.9443740844726562,0.01825714111328125,5.340576171875e-05,0.278045654296875,0.19671630859375,0.040721893310546875,15,/mnt/ssd/Huawei/20260615/data_collection/group_029/dpct高位机/Bin/frames_index.npz,/mnt/ssd/Huawei/20260615/data_collection/group_029/dpct高位机/Bin/frames.binpack,1284.4112548828125,28262.85546875,45984.5703125
20260615,group_029,dpct高位机,1781515481_803453674.bin,239,1118,2.8470497131347656,0.01825714111328125,5.340576171875e-05,0.2677497863769531,0.18962478637695312,0.041255950927734375,15,/mnt/ssd/Huawei/20260615/data_collection/group_029/dpct高位机/Bin/frames_index.npz,/mnt/ssd/Huawei/20260615/data_collection/group_029/dpct高位机/Bin/frames.binpack,1279.577392578125,28607.728515625,46323.984375
20260615,group_029,dpct高位机,1781515481_904758298.bin,240,1118,2.8403091430664062,0.01825714111328125,5.340576171875e-05,0.2666664123535156,0.18979644775390625,0.03832244873046875,15,/mnt/ssd/Huawei/20260615/data_collection/group_029/dpct高位机/Bin/frames_index.npz,/mnt/ssd/Huawei/20260615/data_collection/group_029/dpct高位机/Bin/frames.binpack,1296.5677490234375,28837.119140625,45983.14453125
20260615,group_029,dpct高位机,1781515482_004832109.bin,241,1118,2.8208351135253906,0.01825714111328125,5.340576171875e-05,0.26723480224609375,0.1875762939453125,0.03885650634765625,15,/mnt/ssd/Huawei/20260615/data_collection/group_029/dpct高位机/Bin/frames_index.npz,/mnt/ssd/Huawei/20260615/data_collection/group_029/dpct高位机/Bin/frames.binpack,1214.9149169921875,27634.5859375,46340.94921875
20260615,group_029,dpct高位机,1781515482_118838898.bin,242,1118,2.7234344482421875,0.01825714111328125,5.340576171875e-05,0.2557334899902344,0.18125534057617188,0.03717041015625,15,/mnt/ssd/Huawei/20260615/data_collection/group_029/dpct高位机/Bin/frames_index.npz,/mnt/ssd/Huawei/20260615/data_collection/group_029/dpct高位机/Bin/frames.binpack,1248.16162109375,28387.552734375,46332.46484375
20260615,group_029,dpct高位机,1781515482_219807364.bin,243,1118,2.711883544921875,0.01825714111328125,5.340576171875e-05,0.2563896179199219,0.18064498901367188,0.03714752197265625,15,/mnt/ssd/Huawei/20260615/data_collection/group_029/dpct高位机/Bin/frames_index.npz,/mnt/ssd/Huawei/20260615/data_collection/group_029/dpct高位机/Bin/frames.binpack,1188.893310546875,27607.77734375,46086.609375
20260615,group_029,dpct高位机,1781515482_319299996.bin,244,1118,2.834552764892578,0.01825714111328125,5.340576171875e-05,0.2649345397949219,0.18896484375,0.039043426513671875,15,/mnt/ssd/Huawei/20260615/data_collection/group_029/dpct高位机/Bin/frames_index.npz,/mnt/ssd/Huawei/20260615/data_collection/group_029/dpct高位机/Bin/frames.binpack,1324.6505126953125,29236.513671875,46338.12109375
20260615,group_029,dpct高位机,1781515482_419379037.bin,245,1118,2.7158775329589844,0.01825714111328125,5.340576171875e-05,0.2568702697753906,0.18094253540039062,0.03716278076171875,15,/mnt/ssd/Huawei/20260615/data_collection/group_029/dpct高位机/Bin/frames_index.npz,/mnt/ssd/Huawei/20260615/data_collection/group_029/dpct高位机/Bin/frames.binpack,1180.27880859375,27569.58984375,45803.90625
20260615,group_029,dpct高位机,1781515482_521293479.bin,246,1118,2.945171356201172,0.01825714111328125,5.340576171875e-05,0.27841949462890625,0.19586944580078125,0.0399627685546875,15,/mnt/ssd/Huawei/20260615/data_collection/group_029/dpct高位机/Bin/frames_index.npz,/mnt/ssd/Huawei/20260615/data_collection/group_029/dpct高位机/Bin/frames.binpack,1309.0704345703125,28754.2265625,46165.921875
20260615,group_029,dpct高位机,1781515482_623188079.bin,247,1118,2.8312339782714844,0.01825714111328125,5.340576171875e-05,0.26873779296875,0.18854141235351562,0.03803253173828125,15,/mnt/ssd/Huawei/20260615/data_collection/group_029/dpct高位机/Bin/frames_index.npz,/mnt/ssd/Huawei/20260615/data_collection/group_029/dpct高位机/Bin/frames.binpack,1235.6708984375,28248.298828125,46340.94921875
20260615,group_029,dpct高位机,1781515482_722370911.bin,248,1118,2.8280601501464844,0.01825714111328125,5.340576171875e-05,0.266204833984375,0.1884613037109375,0.037872314453125,15,/mnt/ssd/Huawei/20260615/data_collection/group_029/dpct高位机/Bin/frames_index.npz,/mnt/ssd/Huawei/20260615/data_collection/group_029/dpct高位机/Bin/frames.binpack,1283.86474609375,28690.423828125,46335.29296875
20260615,group_029,dpct高位机,1781515482_822455713.bin,249,1118,2.83465576171875,0.01825714111328125,5.340576171875e-05,0.2686347961425781,0.18909835815429688,0.03955841064453125,15,/mnt/ssd/Huawei/20260615/data_collection/group_029/dpct高位机/Bin/frames_index.npz,/mnt/ssd/Huawei/20260615/data_collection/group_029/dpct高位机/Bin/frames.binpack,1224.140380859375,27932.03125,46338.12109375
20260615,group_029,dpct高位机,1781515482_922531138.bin,250,1118,2.1323204040527344,0.01825714111328125,5.340576171875e-05,0.2008819580078125,0.14161300659179688,0.02884674072265625,15,/mnt/ssd/Huawei/20260615/data_collection/group_029/dpct高位机/Bin/frames_index.npz,/mnt/ssd/Huawei/20260615/data_collection/group_029/dpct高位机/Bin/frames.binpack,950.3220825195312,25180.474609375,46244.78515625
20260615,group_029,dpct高位机,1781515483_527233347.bin,256,1118,2.3645401000976562,0.01825714111328125,5.340576171875e-05,0.2219085693359375,0.15714263916015625,0.032657623291015625,15,/mnt/ssd/Huawei/20260615/data_collection/group_029/dpct高位机/Bin/frames_index.npz,/mnt/ssd/Huawei/20260615/data_collection/group_029/dpct高位机/Bin/frames.binpack,1059.816650390625,26500.650390625,46329.63671875
20260615,group_029,dpct高位机,1781515483_628932095.bin,257,1118,2.8249969482421875,0.01825714111328125,5.340576171875e-05,0.26613616943359375,0.1880035400390625,0.03916168212890625,15,/mnt/ssd/Huawei/20260615/data_collection/group_029/dpct高位机/Bin/frames_index.npz,/mnt/ssd/Huawei/20260615/data_collection/group_029/dpct高位机/Bin/frames.binpack,1271.497802734375,28673.126953125,46338.12109375
20260615,group_029,dpct高位机,1781515483_729562612.bin,258,1118,2.8298721313476562,0.01825714111328125,5.340576171875e-05,0.26617431640625,0.1883697509765625,0.039569854736328125,15,/mnt/ssd/Huawei/20260615/data_collection/group_029/dpct高位机/Bin/frames_index.npz,/mnt/ssd/Huawei/20260615/data_collection/group_029/dpct高位机/Bin/frames.binpack,1280.0333251953125,28744.162109375,46340.94921875
20260615,group_029,dpct高位机,1781515483_829419303.bin,259,1118,2.8311805725097656,0.01825714111328125,5.340576171875e-05,0.26677703857421875,0.1881103515625,0.038990020751953125,15,/mnt/ssd/Huawei/20260615/data_collection/group_029/dpct高位机/Bin/frames_index.npz,/mnt/ssd/Huawei/20260615/data_collection/group_029/dpct高位机/Bin/frames.binpack,1271.8656005859375,28743.66796875,46295.7109375
20260615,group_029,dpct高位机,1781515483_930071551.bin,260,1118,2.8263015747070312,0.01825714111328125,5.340576171875e-05,0.26615142822265625,0.1878662109375,0.039035797119140625,15,/mnt/ssd/Huawei/20260615/data_collection/group_029/dpct高位机/Bin/frames_index.npz,/mnt/ssd/Huawei/20260615/data_collection/group_029/dpct高位机/Bin/frames.binpack,1281.2449951171875,28685.7578125,46340.94921875
20260615,group_029,dpct高位机,1781515484_029918636.bin,261,1118,2.8283653259277344,0.01825714111328125,5.340576171875e-05,0.26580810546875,0.18843841552734375,0.03932952880859375,15,/mnt/ssd/Huawei/20260615/data_collection/group_029/dpct高位机/Bin/frames_index.npz,/mnt/ssd/Huawei/20260615/data_collection/group_029/dpct高位机/Bin/frames.binpack,1278.288818359375,28845.7734375,46295.7109375
20260615,group_029,dpct高位机,1781515484_129863672.bin,262,1118,2.832172393798828,0.01825714111328125,5.340576171875e-05,0.26686859130859375,0.1884918212890625,0.039012908935546875,15,/mnt/ssd/Huawei/20260615/data_collection/group_029/dpct高位机/Bin/frames_index.npz,/mnt/ssd/Huawei/20260615/data_collection/group_029/dpct高位机/Bin/frames.binpack,1266.615234375,28397.40625,46338.12109375
20260615,group_029,dpct高位机,1781515484_229599466.bin,263,1118,2.12579345703125,0.01825714111328125,5.340576171875e-05,0.19991302490234375,0.14124298095703125,0.029266357421875,15,/mnt/ssd/Huawei/20260615/data_collection/group_029/dpct高位机/Bin/frames_index.npz,/mnt/ssd/Huawei/20260615/data_collection/group_029/dpct高位机/Bin/frames.binpack,956.4967651367188,25428.22265625,46340.94921875
20260615,group_029,dpct高位机,1781515484_430641363.bin,265,1118,3.06072998046875,0.01825714111328125,5.340576171875e-05,0.2859954833984375,0.203521728515625,0.04207611083984375,15,/mnt/ssd/Huawei/20260615/data_collection/group_029/dpct高位机/Bin/frames_index.npz,/mnt/ssd/Huawei/20260615/data_collection/group_029/dpct高位机/Bin/frames.binpack,1455.53564453125,29939.9609375,46338.12109375
20260615,group_029,dpct高位机,1781515484_533388129.bin,266,1118,2.945911407470703,0.01825714111328125,5.340576171875e-05,0.2759742736816406,0.19644927978515625,0.040706634521484375,15,/mnt/ssd/Huawei/20260615/data_collection/group_029/dpct高位机/Bin/frames_index.npz,/mnt/ssd/Huawei/20260615/data_collection/group_029/dpct高位机/Bin/frames.binpack,1354.2742919921875,29287.87890625,46340.94921875
20260615,group_029,dpct高位机,1781515484_633503235.bin,267,1118,2.716632843017578,0.01825714111328125,5.340576171875e-05,0.25501251220703125,0.18133163452148438,0.038402557373046875,15,/mnt/ssd/Huawei/20260615/data_collection/group_029/dpct高位机/Bin/frames_index.npz,/mnt/ssd/Huawei/20260615/data_collection/group_029/dpct高位机/Bin/frames.binpack,1227.75830078125,28174.61328125,46236.32421875
20260615,group_029,dpct高位机,1781515484_733487188.bin,268,1118,2.839111328125,0.01825714111328125,5.340576171875e-05,0.267303466796875,0.18893814086914062,0.038600921630859375,15,/mnt/ssd/Huawei/20260615/data_collection/group_029/dpct高位机/Bin/frames_index.npz,/mnt/ssd/Huawei/20260615/data_collection/group_029/dpct高位机/Bin/frames.binpack,1305.853271484375,29107.548828125,46160.28515625
20260615,group_029,dpct高位机,1781515484_833658012.bin,269,1118,2.824779510498047,0.01825714111328125,5.340576171875e-05,0.26790618896484375,0.18809890747070312,0.038776397705078125,15,/mnt/ssd/Huawei/20260615/data_collection/group_029/dpct高位机/Bin/frames_index.npz,/mnt/ssd/Huawei/20260615/data_collection/group_029/dpct高位机/Bin/frames.binpack,1210.2340087890625,28054.205078125,46340.94921875
20260615,group_029,dpct高位机,1781515484_934650412.bin,270,1118,0.3709068298339844,0.01825714111328125,5.340576171875e-05,0.03314208984375,0.0238189697265625,0.005039215087890625,15,/mnt/ssd/Huawei/20260615/data_collection/group_029/dpct高位机/Bin/frames_index.npz,/mnt/ssd/Huawei/20260615/data_collection/group_029/dpct高位机/Bin/frames.binpack,162.41603088378906,3471.6064453125,45801.08984375
20260615,group_029,dpct高位机,1781515492_919028216.bin,333,1118,2.822345733642578,0.01825714111328125,5.340576171875e-05,0.2659645080566406,0.18749618530273438,0.03910064697265625,15,/mnt/ssd/Huawei/20260615/data_collection/group_029/dpct高位机/Bin/frames_index.npz,/mnt/ssd/Huawei/20260615/data_collection/group_029/dpct高位机/Bin/frames.binpack,1269.8289794921875,28678.57421875,46335.29296875
20260615,group_029,dpct高位机,1781515493_019139750.bin,334,1118,2.820873260498047,0.01825714111328125,5.340576171875e-05,0.2662811279296875,0.18762588500976562,0.0391387939453125,15,/mnt/ssd/Huawei/20260615/data_collection/group_029/dpct高位机/Bin/frames_index.npz,/mnt/ssd/Huawei/20260615/data_collection/group_029/dpct高位机/Bin/frames.binpack,1263.4310302734375,28686.0,46329.63671875
20260615,group_029,dpct高位机,1781515493_119587309.bin,335,1118,2.8268356323242188,0.01825714111328125,5.340576171875e-05,0.2662239074707031,0.18804931640625,0.039730072021484375,15,/mnt/ssd/Huawei/20260615/data_collection/group_029/dpct高位机/Bin/frames_index.npz,/mnt/ssd/Huawei/20260615/data_collection/group_029/dpct高位机/Bin/frames.binpack,1280.8306884765625,28897.806640625,46340.94921875
20260615,group_029,dpct高位机,1781515493_219231409.bin,336,1118,2.8341941833496094,0.01825714111328125,5.340576171875e-05,0.26660919189453125,0.18911361694335938,0.03961181640625,15,/mnt/ssd/Huawei/20260615/data_collection/group_029/dpct高位机/Bin/frames_index.npz,/mnt/ssd/Huawei/20260615/data_collection/group_029/dpct高位机/Bin/frames.binpack,1286.28759765625,28954.185546875,46335.29296875
20260615,group_029,dpct高位机,1781515493_736416288.bin,337,1118,2.8248977661132812,0.01825714111328125,5.340576171875e-05,0.26615142822265625,0.18819046020507812,0.040134429931640625,15,/mnt/ssd/Huawei/20260615/data_collection/group_029/dpct高位机/Bin/frames_index.npz,/mnt/ssd/Huawei/20260615/data_collection/group_029/dpct高位机/Bin/frames.binpack,1246.1041259765625,28343.740234375,46326.80859375
20260615,group_029,dpct高位机,1781515493_939272644.bin,338,1118,2.8277969360351562,0.01825714111328125,5.340576171875e-05,0.2670402526855469,0.18845367431640625,0.038299560546875,15,/mnt/ssd/Huawei/20260615/data_collection/group_029/dpct高位机/Bin/frames_index.npz,/mnt/ssd/Huawei/20260615/data_collection/group_029/dpct高位机/Bin/frames.binpack,1296.351318359375,29068.123046875,46326.80859375
20260615,group_029,dpct高位机,1781515494_039306898.bin,339,1118,2.827861785888672,0.01825714111328125,5.340576171875e-05,0.2682228088378906,0.18848037719726562,0.0386962890625,15,/mnt/ssd/Huawei/20260615/data_collection/group_029/dpct高位机/Bin/frames_index.npz,/mnt/ssd/Huawei/20260615/data_collection/group_029/dpct高位机/Bin/frames.binpack,1206.9571533203125,27729.5,46332.46484375
20260615,group_029,dpct高位机,1781515494_139416574.bin,340,1118,2.947437286376953,0.01825714111328125,5.340576171875e-05,0.2769737243652344,0.1961517333984375,0.040924072265625,15,/mnt/ssd/Huawei/20260615/data_collection/group_029/dpct高位机/Bin/frames_index.npz,/mnt/ssd/Huawei/20260615/data_collection/group_029/dpct高位机/Bin/frames.binpack,1350.12841796875,29258.876953125,46338.12109375
20260615,group_029,dpct高位机,1781515494_239518825.bin,341,1118,2.705852508544922,0.01825714111328125,5.340576171875e-05,0.2542381286621094,0.17985916137695312,0.038219451904296875,15,/mnt/ssd/Huawei/20260615/data_collection/group_029/dpct高位机/Bin/frames_index.npz,/mnt/ssd/Huawei/20260615/data_collection/group_029/dpct高位机/Bin/frames.binpack,1218.51416015625,28120.62890625,46338.12109375
20260615,group_029,dpct高位机,1781515494_339405721.bin,342,1118,2.835590362548828,0.01825714111328125,5.340576171875e-05,0.26697540283203125,0.18867874145507812,0.038761138916015625,15,/mnt/ssd/Huawei/20260615/data_collection/group_029/dpct高位机/Bin/frames_index.npz,/mnt/ssd/Huawei/20260615/data_collection/group_029/dpct高位机/Bin/frames.binpack,1300.886474609375,28942.009765625,46338.12109375
20260615,group_029,dpct高位机,1781515494_440159477.bin,343,1118,2.8213768005371094,0.01825714111328125,5.340576171875e-05,0.2669486999511719,0.18756103515625,0.03903961181640625,15,/mnt/ssd/Huawei/20260615/data_collection/group_029/dpct高位机/Bin/frames_index.npz,/mnt/ssd/Huawei/20260615/data_collection/group_029/dpct高位机/Bin/frames.binpack,1215.7313232421875,27889.28125,46329.63671875
20260615,group_029,dpct高位机,1781515494_540821541.bin,344,1118,2.9443397521972656,0.01825714111328125,5.340576171875e-05,0.27593994140625,0.1962127685546875,0.041423797607421875,15,/mnt/ssd/Huawei/20260615/data_collection/group_029/dpct高位机/Bin/frames_index.npz,/mnt/ssd/Huawei/20260615/data_collection/group_029/dpct高位机/Bin/frames.binpack,1360.4169921875,29561.89453125,46298.54296875
20260615,group_029,dpct高位机,1781515494_642385574.bin,345,1118,2.7079238891601562,0.01825714111328125,5.340576171875e-05,0.25453948974609375,0.17998123168945312,0.03853607177734375,15,/mnt/ssd/Huawei/20260615/data_collection/group_029/dpct高位机/Bin/frames_index.npz,/mnt/ssd/Huawei/20260615/data_collection/group_029/dpct高位机/Bin/frames.binpack,1223.9678955078125,28463.44140625,46338.12109375
20260615,group_029,dpct高位机,1781515494_739591176.bin,346,1118,2.8301162719726562,0.01825714111328125,5.340576171875e-05,0.2659492492675781,0.18805313110351562,0.0389556884765625,15,/mnt/ssd/Huawei/20260615/data_collection/group_029/dpct高位机/Bin/frames_index.npz,/mnt/ssd/Huawei/20260615/data_collection/group_029/dpct高位机/Bin/frames.binpack,1308.25390625,28813.03125,46338.12109375
20260615,group_029,dpct高位机,1781515494_839626283.bin,347,1118,2.832904815673828,0.01825714111328125,5.340576171875e-05,0.2686042785644531,0.18836212158203125,0.039264678955078125,15,/mnt/ssd/Huawei/20260615/data_collection/group_029/dpct高位机/Bin/frames_index.npz,/mnt/ssd/Huawei/20260615/data_collection/group_029/dpct高位机/Bin/frames.binpack,1220.38525390625,27717.94921875,46335.29296875
20260615,group_029,dpct高位机,1781515494_940588609.bin,348,1118,2.9469528198242188,0.01825714111328125,5.340576171875e-05,0.27614593505859375,0.196685791015625,0.041240692138671875,15,/mnt/ssd/Huawei/20260615/data_collection/group_029/dpct高位机/Bin/frames_index.npz,/mnt/ssd/Huawei/20260615/data_collection/group_029/dpct高位机/Bin/frames.binpack,1352.7518310546875,28933.64453125,46340.94921875
20260615,group_029,dpct高位机,1781515495_039654884.bin,349,1118,2.7178115844726562,0.01825714111328125,5.340576171875e-05,0.2556648254394531,0.18092727661132812,0.038303375244140625,15,/mnt/ssd/Huawei/20260615/data_collection/group_029/dpct高位机/Bin/frames_index.npz,/mnt/ssd/Huawei/20260615/data_collection/group_029/dpct高位机/Bin/frames.binpack,1227.517578125,28544.123046875,46261.8203125
20260615,group_029,dpct高位机,1781515495_145631832.bin,350,1118,2.8272171020507812,0.01825714111328125,5.340576171875e-05,0.2664756774902344,0.18774032592773438,0.038051605224609375,15,/mnt/ssd/Huawei/20260615/data_collection/group_029/dpct高位机/Bin/frames_index.npz,/mnt/ssd/Huawei/20260615/data_collection/group_029/dpct高位机/Bin/frames.binpack,1290.4576416015625,28900.763671875,46298.54296875
20260615,group_029,dpct高位机,1781515495_243022944.bin,351,1118,2.8343772888183594,0.01825714111328125,5.340576171875e-05,0.26798248291015625,0.1890411376953125,0.03957366943359375,15,/mnt/ssd/Huawei/20260615/data_collection/group_029/dpct高位机/Bin/frames_index.npz,/mnt/ssd/Huawei/20260615/data_collection/group_029/dpct高位机/Bin/frames.binpack,1225.0806884765625,27952.59765625,46332.46484375
20260615,group_029,dpct高位机,1781515495_347162542.bin,352,1118,2.9453048706054688,0.01825714111328125,5.340576171875e-05,0.2761497497558594,0.1963348388671875,0.0409393310546875,15,/mnt/ssd/Huawei/20260615/data_collection/group_029/dpct高位机/Bin/frames_index.npz,/mnt/ssd/Huawei/20260615/data_collection/group_029/dpct高位机/Bin/frames.binpack,1351.1453857421875,29295.8515625,45803.9296875
20260615,group_029,dpct高位机,1781515495_439820810.bin,353,1118,0.6043472290039062,0.01825714111328125,5.340576171875e-05,0.054897308349609375,0.0396270751953125,0.00873565673828125,15,/mnt/ssd/Huawei/20260615/data_collection/group_029/dpct高位机/Bin/frames_index.npz,/mnt/ssd/Huawei/20260615/data_collection/group_029/dpct高位机/Bin/frames.binpack,264.6377258300781,9788.6904296875,46290.05078125
20260615,group_029,dpct高位机,1781515541_340218412.bin,801,1118,2.9417152404785156,0.01825714111328125,5.340576171875e-05,0.27730560302734375,0.19512939453125,0.0402984619140625,15,/mnt/ssd/Huawei/20260615/data_collection/group_029/dpct高位机/Bin/frames_index.npz,/mnt/ssd/Huawei/20260615/data_collection/group_029/dpct高位机/Bin/frames.binpack,1324.216552734375,29001.494140625,46134.48046875
20260615,group_029,dpct高位机,1781515541_439170636.bin,802,1118,0.2496185302734375,0.01825714111328125,5.340576171875e-05,0.0232696533203125,0.01546478271484375,0.002674102783203125,15,/mnt/ssd/Huawei/20260615/data_collection/group_029/dpct高位机/Bin/frames_index.npz,/mnt/ssd/Huawei/20260615/data_collection/group_029/dpct高位机/Bin/frames.binpack,70.73976135253906,494.07501220703125,44729.88671875
20260615,group_029,dpct高位机,1781515571_947598108.bin,1095,1118,2.948394775390625,0.01825714111328125,5.340576171875e-05,0.2785797119140625,0.196319580078125,0.03894805908203125,15,/mnt/ssd/Huawei/20260615/data_collection/group_029/dpct高位机/Bin/frames_index.npz,/mnt/ssd/Huawei/20260615/data_collection/group_029/dpct高位机/Bin/frames.binpack,1300.507568359375,28521.47265625,46329.63671875
20260615,group_029,dpct高位机,1781515572_147378698.bin,1096,1118,2.7112655639648438,0.01825714111328125,5.340576171875e-05,0.25643157958984375,0.1806488037109375,0.036510467529296875,15,/mnt/ssd/Huawei/20260615/data_collection/group_029/dpct高位机/Bin/frames_index.npz,/mnt/ssd/Huawei/20260615/data_collection/group_029/dpct高位机/Bin/frames.binpack,1181.8731689453125,27567.759765625,46338.12109375
20260615,group_029,dpct高位机,1781515572_347511767.bin,1097,1118,0.13432693481445312,0.01825714111328125,5.340576171875e-05,0.011646270751953125,0.00768280029296875,0.00104522705078125,15,/mnt/ssd/Huawei/20260615/data_collection/group_029/dpct高位机/Bin/frames_index.npz,/mnt/ssd/Huawei/20260615/data_collection/group_029/dpct高位机/Bin/frames.binpack,51.32609558105469,24.50684356689453,42969.0546875
20260615,group_030,dpct高位机,1781515696_380967302.bin,798,1120,2.831989288330078,0.0182342529296875,5.340576171875e-05,0.26798248291015625,0.18875885009765625,0.0371246337890625,15,/mnt/ssd/Huawei/20260615/data_collection/group_030/dpct高位机/Bin/frames_index.npz,/mnt/ssd/Huawei/20260615/data_collection/group_030/dpct高位机/Bin/frames.binpack,1222.995361328125,27573.24609375,46340.94921875
20260615,group_030,dpct高位机,1781515696_585379019.bin,799,1120,2.7070960998535156,0.0182342529296875,5.340576171875e-05,0.25589752197265625,0.180206298828125,0.036785125732421875,15,/mnt/ssd/Huawei/20260615/data_collection/group_030/dpct高位机/Bin/frames_index.npz,/mnt/ssd/Huawei/20260615/data_collection/group_030/dpct高位机/Bin/frames.binpack,1169.5250244140625,27258.396484375,46338.12109375
20260615,group_030,dpct高位机,1781515696_685238192.bin,800,1120,2.826580047607422,0.0182342529296875,5.340576171875e-05,0.2682228088378906,0.187469482421875,0.036159515380859375,15,/mnt/ssd/Huawei/20260615/data_collection/group_030/dpct高位机/Bin/frames_index.npz,/mnt/ssd/Huawei/20260615/data_collection/group_030/dpct高位机/Bin/frames.binpack,1239.83935546875,28098.013671875,46335.29296875
20260615,group_030,dpct高位机,1781515696_885301594.bin,801,1120,2.82135009765625,0.0182342529296875,5.340576171875e-05,0.2688179016113281,0.1876678466796875,0.037715911865234375,15,/mnt/ssd/Huawei/20260615/data_collection/group_030/dpct高位机/Bin/frames_index.npz,/mnt/ssd/Huawei/20260615/data_collection/group_030/dpct高位机/Bin/frames.binpack,1181.1748046875,27210.84375,45984.5703125
20260615,group_030,dpct高位机,1781515696_985524674.bin,802,1120,2.9542236328125,0.0182342529296875,5.340576171875e-05,0.2782440185546875,0.19606399536132812,0.039813995361328125,15,/mnt/ssd/Huawei/20260615/data_collection/group_030/dpct高位机/Bin/frames_index.npz,/mnt/ssd/Huawei/20260615/data_collection/group_030/dpct高位机/Bin/frames.binpack,1316.6151123046875,28738.177734375,46332.46484375
20260615,group_030,dpct高位机,1781515697_085358234.bin,803,1120,2.7080612182617188,0.0182342529296875,5.340576171875e-05,0.2559471130371094,0.18029403686523438,0.03618621826171875,15,/mnt/ssd/Huawei/20260615/data_collection/group_030/dpct高位机/Bin/frames_index.npz,/mnt/ssd/Huawei/20260615/data_collection/group_030/dpct高位机/Bin/frames.binpack,1183.81201171875,27658.814453125,46335.29296875
20260615,group_030,dpct高位机,1781515697_186161420.bin,804,1120,2.8293609619140625,0.0182342529296875,5.340576171875e-05,0.2675056457519531,0.188323974609375,0.0371856689453125,15,/mnt/ssd/Huawei/20260615/data_collection/group_030/dpct高位机/Bin/frames_index.npz,/mnt/ssd/Huawei/20260615/data_collection/group_030/dpct高位机/Bin/frames.binpack,1262.712158203125,28594.939453125,46160.265625
20260615,group_030,dpct高位机,1781515697_285715880.bin,805,1120,2.836101531982422,0.0182342529296875,5.340576171875e-05,0.2699737548828125,0.1894073486328125,0.03801727294921875,15,/mnt/ssd/Huawei/20260615/data_collection/group_030/dpct高位机/Bin/frames_index.npz,/mnt/ssd/Huawei/20260615/data_collection/group_030/dpct高位机/Bin/frames.binpack,1182.95947265625,27185.724609375,46160.28515625
20260615,group_030,dpct高位机,1781515697_386210941.bin,806,1120,2.9499244689941406,0.0182342529296875,5.340576171875e-05,0.2781105041503906,0.19647216796875,0.03952789306640625,15,/mnt/ssd/Huawei/20260615/data_collection/group_030/dpct高位机/Bin/frames_index.npz,/mnt/ssd/Huawei/20260615/data_collection/group_030/dpct高位机/Bin/frames.binpack,1311.7354736328125,28746.75,45981.73828125
20260615,group_030,dpct高位机,1781515697_487343310.bin,807,1120,2.7113571166992188,0.0182342529296875,5.340576171875e-05,0.25606536865234375,0.18055343627929688,0.0363616943359375,15,/mnt/ssd/Huawei/20260615/data_collection/group_030/dpct高位机/Bin/frames_index.npz,/mnt/ssd/Huawei/20260615/data_collection/group_030/dpct高位机/Bin/frames.binpack,1179.2353515625,27385.208984375,46163.1015625
20260615,group_030,dpct高位机,1781515697_585509319.bin,808,1120,2.833484649658203,0.0182342529296875,5.340576171875e-05,0.2679901123046875,0.18827438354492188,0.036266326904296875,15,/mnt/ssd/Huawei/20260615/data_collection/group_030/dpct高位机/Bin/frames_index.npz,/mnt/ssd/Huawei/20260615/data_collection/group_030/dpct高位机/Bin/frames.binpack,1244.4979248046875,28094.203125,46292.8828125
20260615,group_030,dpct高位机,1781515697_686404161.bin,809,1120,2.8293991088867188,0.0182342529296875,5.340576171875e-05,0.26971435546875,0.1885833740234375,0.037448883056640625,15,/mnt/ssd/Huawei/20260615/data_collection/group_030/dpct高位机/Bin/frames_index.npz,/mnt/ssd/Huawei/20260615/data_collection/group_030/dpct高位机/Bin/frames.binpack,1167.9444580078125,27056.27734375,46278.73046875
20260615,group_030,dpct高位机,1781515697_786130798.bin,810,1120,2.940784454345703,0.0182342529296875,5.340576171875e-05,0.2775726318359375,0.19517135620117188,0.03868865966796875,15,/mnt/ssd/Huawei/20260615/data_collection/group_030/dpct高位机/Bin/frames_index.npz,/mnt/ssd/Huawei/20260615/data_collection/group_030/dpct高位机/Bin/frames.binpack,1287.8095703125,28532.046875,46165.921875
20260615,group_030,dpct高位机,1781515697_886113586.bin,811,1120,2.7097854614257812,0.0182342529296875,5.340576171875e-05,0.25640106201171875,0.18021774291992188,0.035732269287109375,15,/mnt/ssd/Huawei/20260615/data_collection/group_030/dpct高位机/Bin/frames_index.npz,/mnt/ssd/Huawei/20260615/data_collection/group_030/dpct高位机/Bin/frames.binpack,1155.5244140625,26879.14453125,45990.2265625
20260615,group_030,dpct高位机,1781515697_985805883.bin,812,1120,1.3084754943847656,0.0182342529296875,5.340576171875e-05,0.12264251708984375,0.0865020751953125,0.016620635986328125,15,/mnt/ssd/Huawei/20260615/data_collection/group_030/dpct高位机/Bin/frames_index.npz,/mnt/ssd/Huawei/20260615/data_collection/group_030/dpct高位机/Bin/frames.binpack,587.2658081054688,18310.380859375,46168.71875
20260615,group_030,dpct高位机,1781515705_269408881.bin,865,1120,2.353515625,0.0182342529296875,5.340576171875e-05,0.2217254638671875,0.15604782104492188,0.03185272216796875,15,/mnt/ssd/Huawei/20260615/data_collection/group_030/dpct高位机/Bin/frames_index.npz,/mnt/ssd/Huawei/20260615/data_collection/group_030/dpct高位机/Bin/frames.binpack,1069.770751953125,26701.693359375,45984.56640625
20260615,group_030,dpct高位机,1781515705_783307205.bin,866,1120,2.8332176208496094,0.0182342529296875,5.340576171875e-05,0.2671012878417969,0.18857955932617188,0.038959503173828125,15,/mnt/ssd/Huawei/20260615/data_collection/group_030/dpct高位机/Bin/frames_index.npz,/mnt/ssd/Huawei/20260615/data_collection/group_030/dpct高位机/Bin/frames.binpack,1269.1741943359375,28487.33203125,46338.12109375
20260615,group_030,dpct高位机,1781515705_986343854.bin,867,1120,2.829967498779297,0.0182342529296875,5.340576171875e-05,0.26680755615234375,0.187652587890625,0.038555145263671875,15,/mnt/ssd/Huawei/20260615/data_collection/group_030/dpct高位机/Bin/frames_index.npz,/mnt/ssd/Huawei/20260615/data_collection/group_030/dpct高位机/Bin/frames.binpack,1303.015380859375,29036.103515625,45677.2734375
20260615,group_030,dpct高位机,1781515706_186548889.bin,868,1120,2.8272743225097656,0.0182342529296875,5.340576171875e-05,0.2683143615722656,0.18808746337890625,0.03875732421875,15,/mnt/ssd/Huawei/20260615/data_collection/group_030/dpct高位机/Bin/frames_index.npz,/mnt/ssd/Huawei/20260615/data_collection/group_030/dpct高位机/Bin/frames.binpack,1219.8717041015625,28175.140625,46168.73828125
20260615,group_030,dpct高位机,1781515706_292227398.bin,869,1120,2.9515151977539062,0.0182342529296875,5.340576171875e-05,0.2769508361816406,0.19652938842773438,0.04155731201171875,15,/mnt/ssd/Huawei/20260615/data_collection/group_030/dpct高位机/Bin/frames_index.npz,/mnt/ssd/Huawei/20260615/data_collection/group_030/dpct高位机/Bin/frames.binpack,1365.818603515625,29582.751953125,46295.7109375
20260615,group_030,dpct高位机,1781515706_387297876.bin,870,1120,2.7165069580078125,0.0182342529296875,5.340576171875e-05,0.2557373046875,0.18115615844726562,0.038333892822265625,15,/mnt/ssd/Huawei/20260615/data_collection/group_030/dpct高位机/Bin/frames_index.npz,/mnt/ssd/Huawei/20260615/data_collection/group_030/dpct高位机/Bin/frames.binpack,1228.931884765625,28338.53515625,46340.94921875
20260615,group_030,dpct高位机,1781515706_487277741.bin,871,1120,2.8285293579101562,0.0182342529296875,5.340576171875e-05,0.26641845703125,0.18836212158203125,0.038562774658203125,15,/mnt/ssd/Huawei/20260615/data_collection/group_030/dpct高位机/Bin/frames_index.npz,/mnt/ssd/Huawei/20260615/data_collection/group_030/dpct高位机/Bin/frames.binpack,1297.0140380859375,29134.89453125,46338.12109375
20260615,group_030,dpct高位机,1781515706_586631083.bin,872,1120,2.829193115234375,0.0182342529296875,5.340576171875e-05,0.2684288024902344,0.18817138671875,0.039302825927734375,15,/mnt/ssd/Huawei/20260615/data_collection/group_030/dpct高位机/Bin/frames_index.npz,/mnt/ssd/Huawei/20260615/data_collection/group_030/dpct高位机/Bin/frames.binpack,1223.31982421875,27930.328125,45984.56640625
20260615,group_030,dpct高位机,1781515706_687067534.bin,873,1120,2.945995330810547,0.0182342529296875,5.340576171875e-05,0.2764434814453125,0.19611358642578125,0.041088104248046875,15,/mnt/ssd/Huawei/20260615/data_collection/group_030/dpct高位机/Bin/frames_index.npz,/mnt/ssd/Huawei/20260615/data_collection/group_030/dpct高位机/Bin/frames.binpack,1351.5968017578125,29135.93359375,46338.12109375
20260615,group_030,dpct高位机,1781515706_787597819.bin,874,1120,2.7116432189941406,0.0182342529296875,5.340576171875e-05,0.25537109375,0.1803436279296875,0.037982940673828125,15,/mnt/ssd/Huawei/20260615/data_collection/group_030/dpct高位机/Bin/frames_index.npz,/mnt/ssd/Huawei/20260615/data_collection/group_030/dpct高位机/Bin/frames.binpack,1213.934814453125,27872.267578125,45983.14453125
20260615,group_030,dpct高位机,1781515706_886674335.bin,875,1120,2.8368263244628906,0.0182342529296875,5.340576171875e-05,0.26770782470703125,0.18897628784179688,0.038330078125,15,/mnt/ssd/Huawei/20260615/data_collection/group_030/dpct高位机/Bin/frames_index.npz,/mnt/ssd/Huawei/20260615/data_collection/group_030/dpct高位机/Bin/frames.binpack,1294.668212890625,28986.59765625,46329.63671875
20260615,group_030,dpct高位机,1781515706_986661080.bin,876,1120,2.8180885314941406,0.0182342529296875,5.340576171875e-05,0.2672309875488281,0.187255859375,0.03924560546875,15,/mnt/ssd/Huawei/20260615/data_collection/group_030/dpct高位机/Bin/frames_index.npz,/mnt/ssd/Huawei/20260615/data_collection/group_030/dpct高位机/Bin/frames.binpack,1217.3348388671875,28117.314453125,46338.12109375
20260615,group_030,dpct高位机,1781515707_088298338.bin,877,1120,2.9497528076171875,0.0182342529296875,5.340576171875e-05,0.27765655517578125,0.196533203125,0.04073333740234375,15,/mnt/ssd/Huawei/20260615/data_collection/group_030/dpct高位机/Bin/frames_index.npz,/mnt/ssd/Huawei/20260615/data_collection/group_030/dpct高位机/Bin/frames.binpack,1340.1485595703125,29215.345703125,46287.21875
20260615,group_030,dpct高位机,1781515707_186807078.bin,878,1120,2.723072052001953,0.0182342529296875,5.340576171875e-05,0.2560310363769531,0.1818695068359375,0.03810882568359375,15,/mnt/ssd/Huawei/20260615/data_collection/group_030/dpct高位机/Bin/frames_index.npz,/mnt/ssd/Huawei/20260615/data_collection/group_030/dpct高位机/Bin/frames.binpack,1219.53955078125,28019.763671875,46160.265625
20260615,group_030,dpct高位机,1781515707_286799732.bin,879,1120,2.8413047790527344,0.0182342529296875,5.340576171875e-05,0.2674674987792969,0.1895294189453125,0.03842926025390625,15,/mnt/ssd/Huawei/20260615/data_collection/group_030/dpct高位机/Bin/frames_index.npz,/mnt/ssd/Huawei/20260615/data_collection/group_030/dpct高位机/Bin/frames.binpack,1297.6278076171875,28772.6953125,46298.54296875
20260615,group_030,dpct高位机,1781515707_390541440.bin,880,1120,2.8425750732421875,0.0182342529296875,5.340576171875e-05,0.26941680908203125,0.18922042846679688,0.039508819580078125,15,/mnt/ssd/Huawei/20260615/data_collection/group_030/dpct高位机/Bin/frames_index.npz,/mnt/ssd/Huawei/20260615/data_collection/group_030/dpct高位机/Bin/frames.binpack,1226.76953125,27978.4765625,46160.265625
20260615,group_030,dpct高位机,1781515707_486906108.bin,881,1120,2.9516983032226562,0.0182342529296875,5.340576171875e-05,0.2767181396484375,0.19686126708984375,0.0418853759765625,15,/mnt/ssd/Huawei/20260615/data_collection/group_030/dpct高位机/Bin/frames_index.npz,/mnt/ssd/Huawei/20260615/data_collection/group_030/dpct高位机/Bin/frames.binpack,1377.084716796875,29734.822265625,46335.29296875
20260615,group_030,dpct高位机,1781515707_586928524.bin,882,1120,2.712066650390625,0.0182342529296875,5.340576171875e-05,0.254425048828125,0.18056869506835938,0.038234710693359375,15,/mnt/ssd/Huawei/20260615/data_collection/group_030/dpct高位机/Bin/frames_index.npz,/mnt/ssd/Huawei/20260615/data_collection/group_030/dpct高位机/Bin/frames.binpack,1216.3597412109375,27991.7578125,46332.46484375
20260615,group_030,dpct高位机,1781515707_689888463.bin,883,1120,2.0057640075683594,0.0182342529296875,5.340576171875e-05,0.18790817260742188,0.13321685791015625,0.027027130126953125,15,/mnt/ssd/Huawei/20260615/data_collection/group_030/dpct高位机/Bin/frames_index.npz,/mnt/ssd/Huawei/20260615/data_collection/group_030/dpct高位机/Bin/frames.binpack,920.27099609375,24881.673828125,46340.94921875
20260703,group_011,dpct高位机,1783060532_548326113.bin,955,956,1.0509223937988281,0.017711639404296875,1.9073486328125e-05,0.1000823974609375,0.06789779663085938,0.0130767822265625,15,/mnt/ssd/Huawei/20260703/data_collection/group_011/dpct高位机/Bin/frames_index.npz,/mnt/ssd/Huawei/20260703/data_collection/group_011/dpct高位机/Bin/frames.binpack,420.0421142578125,16248.6484375,45977.484375
20260703,group_014,dpct高位机,1783061447_749253157.bin,248,249,1.1737098693847656,0.017879486083984375,7.62939453125e-06,0.11110305786132812,0.07641220092773438,0.015613555908203125,15,/mnt/ssd/Huawei/20260703/data_collection/group_014/dpct高位机/Bin/frames_index.npz,/mnt/ssd/Huawei/20260703/data_collection/group_014/dpct高位机/Bin/frames.binpack,475.6175537109375,16592.671875,46163.08203125
20260703,group_031,dpct高位机,1783068103_660829763.bin,117,118,1.1778450012207031,0.0178680419921875,7.62939453125e-06,0.10946273803710938,0.07613372802734375,0.01523590087890625,15,/mnt/ssd/Huawei/20260703/data_collection/group_031/dpct高位机/Bin/frames_index.npz,/mnt/ssd/Huawei/20260703/data_collection/group_031/dpct高位机/Bin/frames.binpack,527.8715209960938,17324.181640625,46295.7109375
20260703,group_035,dpct高位机,1783072073_683531856.bin,781,782,1.1011734008789062,0.017879486083984375,7.62939453125e-06,0.1054840087890625,0.07054901123046875,0.013896942138671875,15,/mnt/ssd/Huawei/20260703/data_collection/group_035/dpct高位机/Bin/frames_index.npz,/mnt/ssd/Huawei/20260703/data_collection/group_035/dpct高位机/Bin/frames.binpack,451.5230712890625,16373.5927734375,45990.2265625
20260703,group_040,dpct高位机,1783073559_504997754.bin,926,927,1.1762275695800781,0.01798248291015625,2.288818359375e-05,0.11017227172851562,0.0763702392578125,0.014812469482421875,15,/mnt/ssd/Huawei/20260703/data_collection/group_040/dpct高位机/Bin/frames_index.npz,/mnt/ssd/Huawei/20260703/data_collection/group_040/dpct高位机/Bin/frames.binpack,514.8593139648438,16900.830078125,45789.8671875
20260706,group_015,dpct高位机,1783322033_155888176.bin,43,548,1.1850738525390625,0.0184478759765625,5.340576171875e-05,0.11011505126953125,0.07831573486328125,0.015872955322265625,15,/mnt/ssd/Huawei/20260706/data_collection/group_015/dpct高位机/Bin/frames_index.npz,/mnt/ssd/Huawei/20260706/data_collection/group_015/dpct高位机/Bin/frames.binpack,532.4419555664062,17282.732421875,46329.63671875
20260706,group_025,dpct高位机,1783325107_763569453.bin,951,952,1.7171821594238281,0.01825714111328125,6.4849853515625e-05,0.16436004638671875,0.11025238037109375,0.021472930908203125,15,/mnt/ssd/Huawei/20260706/data_collection/group_025/dpct高位机/Bin/frames_index.npz,/mnt/ssd/Huawei/20260706/data_collection/group_025/dpct高位机/Bin/frames.binpack,696.5914916992188,19653.478515625,46338.12109375
20260718,group_011,dpct高位机,1784354775_306075855.bin,0,996,1.5264816284179688,0.017795562744140625,0.0001220703125,0.14422988891601562,0.1007080078125,0.02010345458984375,15,/mnt/ssd/Huawei/20260718/data_collection/group_011/dpct高位机/Bin/frames_index.npz,/mnt/ssd/Huawei/20260718/data_collection/group_011/dpct高位机/Bin/frames.binpack,676.5044555664062,20249.52734375,46292.8828125
20260718,group_042,dpct高位机,1784366000_316833402.bin,941,993,2.471973419189453,0.018299102783203125,0.00011444091796875,0.23575210571289062,0.16413497924804688,0.032199859619140625,15,/mnt/ssd/Huawei/20260718/data_collection/group_042/dpct高位机/Bin/frames_index.npz,/mnt/ssd/Huawei/20260718/data_collection/group_042/dpct高位机/Bin/frames.binpack,1047.5928955078125,25654.53515625,46290.05078125
20260719,group_038,dpct高位机,1784447414_980012583.bin,612,613,1.8765449523925781,0.018466949462890625,7.2479248046875e-05,0.17990493774414062,0.12435531616210938,0.0247802734375,15,/mnt/ssd/Huawei/20260719/data_collection/group_038/dpct高位机/Bin/frames_index.npz,/mnt/ssd/Huawei/20260719/data_collection/group_038/dpct高位机/Bin/frames.binpack,778.198486328125,21367.693359375,46340.94921875
